dataset_id,label,src_id,source_file,source_row
0,0,dasovich-j/all_documents/4089.,dataset/legitimo/emails.csv,
1,1,4603d4ee2ee80a5f,dataset/phishing/phishing.csv,397
2,0,ybarbo-p/inbox/332.,dataset/legitimo/emails.csv,
3,1,21c5a3e22622ea1a,dataset/phishing/Nazario_5.csv,2956
4,0,taylor-m/all_documents/1019.,dataset/legitimo/emails.csv,
5,0,blair-l/inbox/158.,dataset/legitimo/emails.csv,
6,1,c8a22a6da1ce47b9,dataset/phishing/Nazario_5.csv,2080
7,0,lokay-m/personal/179.,dataset/legitimo/emails.csv,
8,1,3c5ed5d5368ecc85,dataset/phishing/phishing.csv,69
9,0,maggi-m/deleted_items/771.,dataset/legitimo/emails.csv,
10,1,77c5e4e737462103,dataset/phishing/phishing.csv,59
11,0,shackleton-s/all_documents/4872.,dataset/legitimo/emails.csv,
12,0,dean-c/deleted_items/403.,dataset/legitimo/emails.csv,
13,1,1a04a055ab229d85,dataset/phishing/phishing_2024.csv,173
14,1,50631e877b4add06,dataset/phishing/phishing.csv,421
15,1,678b1b1c8da3a840,dataset/phishing/phishing.csv,315
16,1,9c41739fa921e60d,dataset/phishing/phishing_2024.csv,358
17,1,bcf4988b42ccb473,dataset/phishing/phishing.csv,142
18,0,love-p/_sent_mail/108.,dataset/legitimo/emails.csv,
19,0,shackleton-s/all_documents/9445.,dataset/legitimo/emails.csv,
20,1,3f76ca4156206647,dataset/phishing/phishing_2024.csv,272
21,0,shackleton-s/all_documents/1940.,dataset/legitimo/emails.csv,
22,0,rogers-b/all_documents/1755.,dataset/legitimo/emails.csv,
23,0,dasovich-j/all_documents/337.,dataset/legitimo/emails.csv,
24,0,shackleton-s/all_documents/1656.,dataset/legitimo/emails.csv,
25,1,c1e0869d2c14ea7d,dataset/phishing/phishing.csv,104
26,0,heard-m/deleted_items/120.,dataset/legitimo/emails.csv,
27,1,1d85dc637bce2fd6,dataset/phishing/Nazario_5.csv,2891
28,1,d7f0ec343f952b26,dataset/phishing/Nazario_5.csv,3033
29,1,d15cb74413eaae35,dataset/phishing/phishing.csv,30
30,1,acea32b23237379b,dataset/phishing/phishing_2024.csv,222
31,1,d59ec29c36c085ea,dataset/phishing/Nazario_5.csv,2130
32,1,48d66dbd062bd57b,dataset/phishing/phishing_2024.csv,159
33,1,82e1ca4c7be8ad50,dataset/phishing/Nazario_5.csv,1689
34,0,donoho-l/inbox/junk_file/312.,dataset/legitimo/emails.csv,
35,1,2354116e7594281b,dataset/phishing/phishing_2024.csv,21
36,0,dorland-c/sent_items/96.,dataset/legitimo/emails.csv,
37,0,zipper-a/inbox/83.,dataset/legitimo/emails.csv,
38,0,beck-s/all_documents/435.,dataset/legitimo/emails.csv,
39,1,99bdf3182c6b842c,dataset/phishing/phishing.csv,287
40,1,08635414ff874638,dataset/phishing/phishing.csv,137
41,0,williams-w3/schedule_crawler/1057.,dataset/legitimo/emails.csv,
42,1,b2d491620ffe63e0,dataset/phishing/phishing.csv,283
43,1,ea7c373910b10aff,dataset/phishing/phishing_2024.csv,174
44,0,dasovich-j/all_documents/11472.,dataset/legitimo/emails.csv,
45,1,cdd6651c3190e5ee,dataset/phishing/Nazario_5.csv,1890
46,1,855c1691ce46818a,dataset/phishing/phishing_2024.csv,81
47,1,eb0526c6e29cef39,dataset/phishing/Nazario_5.csv,2959
48,1,afd5800e263cd2c6,dataset/phishing/phishing.csv,74
49,0,bailey-s/all_documents/15.,dataset/legitimo/emails.csv,
50,0,allen-p/all_documents/32.,dataset/legitimo/emails.csv,
51,1,7e4b67f914a2745e,dataset/phishing/phishing.csv,275
52,0,kaminski-v/deleted_items/2269.,dataset/legitimo/emails.csv,
53,1,d4089e98ea29a9b6,dataset/phishing/phishing.csv,234
54,1,bf650db350182df8,dataset/phishing/Nazario_5.csv,2874
55,0,dasovich-j/all_documents/28551.,dataset/legitimo/emails.csv,
56,0,mims-thurston-p/_sent_mail/269.,dataset/legitimo/emails.csv,
57,0,kaminski-v/all_documents/11006.,dataset/legitimo/emails.csv,
58,0,farmer-d/all_documents/1508.,dataset/legitimo/emails.csv,
59,1,6da0aa909f0fabbb,dataset/phishing/phishing.csv,407
60,0,kaminski-v/all_documents/9433.,dataset/legitimo/emails.csv,
61,1,65ce0d74cd0d4200,dataset/phishing/phishing_2024.csv,278
62,0,heard-m/inbox/master_netting/308.,dataset/legitimo/emails.csv,
63,0,dasovich-j/deleted_items/2086.,dataset/legitimo/emails.csv,
64,0,nemec-g/all_documents/7069.,dataset/legitimo/emails.csv,
65,0,lokay-m/all_documents/972.,dataset/legitimo/emails.csv,
66,1,13a027ff9494acdc,dataset/phishing/Nazario_5.csv,2099
67,0,scott-s/sent_items/679.,dataset/legitimo/emails.csv,
68,1,7c915381148c646b,dataset/phishing/phishing.csv,120
69,0,derrick-j/deleted_items/171.,dataset/legitimo/emails.csv,
70,0,symes-k/all_documents/2261.,dataset/legitimo/emails.csv,
71,1,0c440b913f7cb38a,dataset/phishing/phishing.csv,431
72,0,saibi-e/saved/6.,dataset/legitimo/emails.csv,
73,0,kean-s/all_documents/610.,dataset/legitimo/emails.csv,
74,1,cf46f48ee65b0962,dataset/phishing/phishing_2024.csv,369
75,1,dcff2d08501a269d,dataset/phishing/phishing.csv,365
76,0,quigley-d/sent_items/57.,dataset/legitimo/emails.csv,
77,1,30e380ad79d9b43a,dataset/phishing/Nazario_5.csv,2052
78,1,b8fcde77633c5897,dataset/phishing/phishing.csv,414
79,0,parks-j/deleted_items/533.,dataset/legitimo/emails.csv,
80,1,7f1ddd45576dd866,dataset/phishing/phishing.csv,73
81,1,2863655ca6b69924,dataset/phishing/Nazario_5.csv,1573
82,0,kaminski-v/_sent_mail/1931.,dataset/legitimo/emails.csv,
83,0,lewis-a/deleted_items/835.,dataset/legitimo/emails.csv,
84,0,taylor-m/all_documents/7344.,dataset/legitimo/emails.csv,
85,0,jones-t/all_documents/11644.,dataset/legitimo/emails.csv,
86,0,giron-d/_sent_mail/426.,dataset/legitimo/emails.csv,
87,1,6a66adea87b5f880,dataset/phishing/phishing_2024.csv,51
88,1,b4ea422108860b16,dataset/phishing/phishing.csv,322
89,0,fossum-d/_sent_mail/847.,dataset/legitimo/emails.csv,
90,0,kaminski-v/all_documents/10442.,dataset/legitimo/emails.csv,
91,0,parks-j/sent_items/396.,dataset/legitimo/emails.csv,
92,1,9896262d73e998db,dataset/phishing/phishing.csv,232
93,1,270813c74afd376d,dataset/phishing/phishing.csv,338
94,0,kean-s/deleted_items/398.,dataset/legitimo/emails.csv,
95,0,dean-c/inbox/188.,dataset/legitimo/emails.csv,
96,1,ee6ce166fdef0fad,dataset/phishing/phishing_2024.csv,248
97,0,shackleton-s/all_documents/4229.,dataset/legitimo/emails.csv,
98,0,kaminski-v/all_documents/3105.,dataset/legitimo/emails.csv,
99,0,arora-h/deleted_items/98.,dataset/legitimo/emails.csv,
100,1,5a471b9188117674,dataset/phishing/Nazario_5.csv,2098
101,1,07bba1eca5ad57d6,dataset/phishing/Nazario_5.csv,1780
102,1,2c2be476f81a0fe6,dataset/phishing/phishing.csv,479
103,0,kaminski-v/_sent_mail/560.,dataset/legitimo/emails.csv,
104,1,360728f14ebcf3b6,dataset/phishing/phishing.csv,264
105,1,faef44d3e30ed252,dataset/phishing/Nazario_5.csv,2822
106,1,98fd04e73e83aedb,dataset/phishing/phishing_2024.csv,213
107,1,1772ff310ff7845b,dataset/phishing/phishing.csv,291
108,1,d6ec2726e3ab6ba7,dataset/phishing/phishing_2024.csv,202
109,1,0ebf85a55ce06808,dataset/phishing/phishing_2024.csv,130
110,1,c0f975271adeb080,dataset/phishing/phishing_2024.csv,387
111,0,skilling-j/_sent_mail/393.,dataset/legitimo/emails.csv,
112,0,kean-s/all_documents/2298.,dataset/legitimo/emails.csv,
113,0,beck-s/_sent_mail/548.,dataset/legitimo/emails.csv,
114,1,f99120bfee30201a,dataset/phishing/phishing_2024.csv,375
115,1,1a1e6764ae1aeca8,dataset/phishing/phishing.csv,430
116,0,rogers-b/_sent_mail/117.,dataset/legitimo/emails.csv,
117,1,a8bad5291c42dc74,dataset/phishing/Nazario_5.csv,2174
118,1,b092af2cf4fec8d6,dataset/phishing/phishing.csv,396
119,0,heard-m/sent_items/86.,dataset/legitimo/emails.csv,
120,0,richey-c/sent_items/80.,dataset/legitimo/emails.csv,
121,0,shackleton-s/all_documents/4722.,dataset/legitimo/emails.csv,
122,0,keavey-p/deleted_items/229.,dataset/legitimo/emails.csv,
123,1,279da63567347521,dataset/phishing/phishing_2024.csv,67
124,1,a1a62b56dc16f577,dataset/phishing/phishing.csv,441
125,0,jones-t/inbox/1022.,dataset/legitimo/emails.csv,
126,1,dbeeef33c315fa6b,dataset/phishing/phishing_2024.csv,35
127,1,c7b08ad74aad03b8,dataset/phishing/Nazario_5.csv,1776
128,0,jones-t/all_documents/1613.,dataset/legitimo/emails.csv,
129,1,6dd43812a4b4115d,dataset/phishing/phishing.csv,412
130,0,symes-k/_sent_mail/1067.,dataset/legitimo/emails.csv,
131,0,rogers-b/_sent_mail/279.,dataset/legitimo/emails.csv,
132,1,06135d0e2345a47c,dataset/phishing/phishing_2024.csv,356
133,1,1979eab8699aaf2e,dataset/phishing/phishing_2024.csv,114
134,1,71e847fbefb0e87b,dataset/phishing/Nazario_5.csv,1812
135,0,symes-k/all_documents/2080.,dataset/legitimo/emails.csv,
136,0,kaminski-v/all_documents/833.,dataset/legitimo/emails.csv,
137,0,lay-k/_sent/135.,dataset/legitimo/emails.csv,
138,0,lay-k/deleted_items/332.,dataset/legitimo/emails.csv,
139,0,lenhart-m/all_documents/1605.,dataset/legitimo/emails.csv,
140,0,horton-s/_sent_mail/168.,dataset/legitimo/emails.csv,
141,1,84e6ed033f7de7e7,dataset/phishing/phishing.csv,347
142,0,dasovich-j/deleted_items/17.,dataset/legitimo/emails.csv,
143,1,71f3ba083fce94e9,dataset/phishing/Nazario_5.csv,2613
144,0,bass-e/_sent_mail/267.,dataset/legitimo/emails.csv,
145,1,e58edcebd71b0bf6,dataset/phishing/phishing_2024.csv,115
146,1,539a92d886af8423,dataset/phishing/phishing_2024.csv,251
147,0,may-l/_sent_mail/8.,dataset/legitimo/emails.csv,
148,1,f193017632229e65,dataset/phishing/phishing.csv,258
149,1,0d8060358b9363d7,dataset/phishing/phishing.csv,133
150,0,beck-s/all_documents/934.,dataset/legitimo/emails.csv,
151,1,755a812ecaae8c60,dataset/phishing/Nazario_5.csv,2377
152,1,5a67a0c3de1c3e82,dataset/phishing/phishing_2024.csv,209
153,0,rodrique-r/_sent_mail/379.,dataset/legitimo/emails.csv,
154,1,6b295ee629beab40,dataset/phishing/phishing.csv,348
155,1,eeb60634aa2bcd5e,dataset/phishing/phishing.csv,149
156,1,46f2c3e58b7d7f33,dataset/phishing/phishing_2024.csv,140
157,0,lokay-m/all_documents/591.,dataset/legitimo/emails.csv,
158,1,fcc9e8f3ed1f77bb,dataset/phishing/phishing_2024.csv,172
159,0,mclaughlin-e/all_documents/293.,dataset/legitimo/emails.csv,
160,1,f88effc8fcbabe13,dataset/phishing/phishing_2024.csv,268
161,1,572926d5dbe16ab3,dataset/phishing/Nazario_5.csv,2534
162,1,277809e2643fac81,dataset/phishing/phishing.csv,115
163,0,rodrique-r/_sent_mail/255.,dataset/legitimo/emails.csv,
164,0,kaminski-v/all_documents/640.,dataset/legitimo/emails.csv,
165,0,kaminski-v/all_documents/9994.,dataset/legitimo/emails.csv,
166,0,ring-r/eesi_deleted_documents/48.,dataset/legitimo/emails.csv,
167,0,lay-k/all_documents/1015.,dataset/legitimo/emails.csv,
168,1,b294817f3a355165,dataset/phishing/phishing.csv,233
169,0,shively-h/_sent_mail/13.,dataset/legitimo/emails.csv,
170,0,sanders-r/all_documents/458.,dataset/legitimo/emails.csv,
171,1,e1a6eae3fe6d0f31,dataset/phishing/phishing_2024.csv,279
172,0,mcconnell-m/all_documents/196.,dataset/legitimo/emails.csv,
173,0,shankman-j/all_documents/473.,dataset/legitimo/emails.csv,
174,1,3946e7e381b2c1c1,dataset/phishing/phishing.csv,460
175,0,perlingiere-d/all_documents/2272.,dataset/legitimo/emails.csv,
176,1,468c52e1bc8ab933,dataset/phishing/phishing_2024.csv,398
177,0,schoolcraft-d/inbox/junk/586.,dataset/legitimo/emails.csv,
178,1,a9a81b4845475c0b,dataset/phishing/Nazario_5.csv,2409
179,0,rogers-b/_sent_mail/809.,dataset/legitimo/emails.csv,
180,0,horton-s/_sent_mail/210.,dataset/legitimo/emails.csv,
181,1,e29ab1f0eed5b400,dataset/phishing/phishing_2024.csv,401
182,0,kaminski-v/_sent_mail/1307.,dataset/legitimo/emails.csv,
183,0,buy-r/calendar/3.,dataset/legitimo/emails.csv,
184,1,be591815cf3f257f,dataset/phishing/Nazario_5.csv,2187
185,1,1c672428f6d3c7fa,dataset/phishing/phishing_2024.csv,319
186,0,hodge-j/all_documents/97.,dataset/legitimo/emails.csv,
187,0,campbell-l/inbox/809.,dataset/legitimo/emails.csv,
188,0,bass-e/_sent_mail/1216.,dataset/legitimo/emails.csv,
189,0,mann-k/all_documents/354.,dataset/legitimo/emails.csv,
190,1,4d205d72576abcbd,dataset/phishing/phishing_2024.csv,192
191,1,b24a19fb5b0572a8,dataset/phishing/phishing.csv,306
192,0,dasovich-j/all_documents/8975.,dataset/legitimo/emails.csv,
193,1,4034ec119b103e24,dataset/phishing/phishing.csv,256
194,1,ed0bdf6b39608960,dataset/phishing/phishing.csv,52
195,1,af260ef7841b2d6d,dataset/phishing/phishing_2024.csv,33
196,0,scott-s/_sent_mail/825.,dataset/legitimo/emails.csv,
197,1,ab09de9a6ec92149,dataset/phishing/Nazario_5.csv,2291
198,1,037095a1e94722be,dataset/phishing/phishing_2024.csv,298
199,0,rogers-b/all_documents/1097.,dataset/legitimo/emails.csv,
200,0,williams-w3/bill_williams_iii/605.,dataset/legitimo/emails.csv,
201,1,08466e8e7d76d3ea,dataset/phishing/phishing_2024.csv,110
202,1,226377fc8f5a4d8a,dataset/phishing/phishing.csv,191
203,1,d024835236c6d2ae,dataset/phishing/phishing_2024.csv,329
204,1,4d7dbe5fdbd41011,dataset/phishing/phishing.csv,463
205,1,03ff48089abe7ede,dataset/phishing/phishing.csv,262
206,0,love-p/deleted_items/580.,dataset/legitimo/emails.csv,
207,0,arora-h/deleted_items/96.,dataset/legitimo/emails.csv,
208,0,nemec-g/all_documents/344.,dataset/legitimo/emails.csv,
209,1,52df3dd18c9f335a,dataset/phishing/phishing.csv,24
210,0,farmer-d/all_documents/675.,dataset/legitimo/emails.csv,
211,1,ab69a8d791cc5d3a,dataset/phishing/phishing.csv,67
212,1,e7cf68e3024f01a6,dataset/phishing/phishing.csv,330
213,1,4bbaf83448ae376e,dataset/phishing/phishing.csv,209
214,1,6cec5f5ace9dc04f,dataset/phishing/phishing_2024.csv,307
215,0,donoho-l/sent_items/71.,dataset/legitimo/emails.csv,
216,0,derrick-j/deleted_items/280.,dataset/legitimo/emails.csv,
217,1,94ba17133e47b959,dataset/phishing/phishing.csv,398
218,1,df9a9cc67cb60624,dataset/phishing/phishing.csv,465
219,0,corman-s/sent_items/411.,dataset/legitimo/emails.csv,
220,1,8d4b84134993b180,dataset/phishing/Nazario_5.csv,1703
221,1,70b0a30d14140673,dataset/phishing/phishing.csv,217
222,1,2c03177362704692,dataset/phishing/phishing_2024.csv,166
223,0,geaccone-t/inbox/50.,dataset/legitimo/emails.csv,
224,0,lenhart-m/all_documents/1906.,dataset/legitimo/emails.csv,
225,0,bass-e/all_documents/570.,dataset/legitimo/emails.csv,
226,1,adf59ae002a402cc,dataset/phishing/phishing_2024.csv,2
227,1,07e351cefb9357f3,dataset/phishing/phishing.csv,105
228,0,haedicke-m/all_documents/1097.,dataset/legitimo/emails.csv,
229,1,e46a255ce80c7520,dataset/phishing/phishing.csv,442
230,0,kaminski-v/all_documents/9356.,dataset/legitimo/emails.csv,
231,1,f8dd612e44ccc2b7,dataset/phishing/phishing.csv,244
232,0,haedicke-m/all_documents/198.,dataset/legitimo/emails.csv,
233,0,campbell-l/all_documents/1002.,dataset/legitimo/emails.csv,
234,0,williams-j/deleted_items/341.,dataset/legitimo/emails.csv,
235,1,d70b4a05cf02c25f,dataset/phishing/phishing.csv,387
236,0,hain-m/_sent_mail/92.,dataset/legitimo/emails.csv,
237,1,31c7454ada1f1f36,dataset/phishing/Nazario_5.csv,2043
238,0,shackleton-s/inbox/194.,dataset/legitimo/emails.csv,
239,1,5aa398662d02c40e,dataset/phishing/phishing_2024.csv,138
240,1,5fc81cdf29f49c34,dataset/phishing/phishing_2024.csv,355
241,0,salisbury-h/inbox/828.,dataset/legitimo/emails.csv,
242,1,9a8e214ed5203952,dataset/phishing/phishing_2024.csv,124
243,1,b2ee431d07b24f59,dataset/phishing/Nazario_5.csv,1873
244,0,delainey-d/_sent_mail/205.,dataset/legitimo/emails.csv,
245,1,6aa88db96112bba7,dataset/phishing/phishing.csv,124
246,1,64e96d5ad943ab2c,dataset/phishing/Nazario_5.csv,1524
247,0,shackleton-s/all_documents/658.,dataset/legitimo/emails.csv,
248,1,82e4a92031a6f689,dataset/phishing/Nazario_5.csv,2116
249,0,haedicke-m/all_documents/755.,dataset/legitimo/emails.csv,
250,0,jones-t/all_documents/4083.,dataset/legitimo/emails.csv,
251,1,5e713e49cc71a7f5,dataset/phishing/phishing.csv,346
252,0,griffith-j/deleted_items/385.,dataset/legitimo/emails.csv,
253,1,6d04a2b18ca7a2a2,dataset/phishing/phishing_2024.csv,52
254,0,mann-k/all_documents/3177.,dataset/legitimo/emails.csv,
255,0,taylor-m/all_documents/77.,dataset/legitimo/emails.csv,
256,1,3742de5ee75da1e7,dataset/phishing/phishing_2024.csv,156
257,1,2e6dfc4ac2518b83,dataset/phishing/phishing_2024.csv,210
258,0,dorland-c/all_documents/120.,dataset/legitimo/emails.csv,
259,0,jones-t/all_documents/4700.,dataset/legitimo/emails.csv,
260,1,45f50f865d3ac014,dataset/phishing/phishing.csv,83
261,0,germany-c/_sent_mail/1474.,dataset/legitimo/emails.csv,
262,1,bd518e949029950b,dataset/phishing/phishing.csv,33
263,0,weldon-c/sent_items/123.,dataset/legitimo/emails.csv,
264,0,sanders-r/all_documents/1860.,dataset/legitimo/emails.csv,
265,0,blair-l/meetings/357.,dataset/legitimo/emails.csv,
266,1,86e4824806e603ff,dataset/phishing/phishing.csv,395
267,1,751c993fb9f6deca,dataset/phishing/phishing.csv,178
268,1,fab3ed47ad1a3a5d,dataset/phishing/phishing.csv,224
269,0,blair-l/inbox/58.,dataset/legitimo/emails.csv,
270,0,whalley-l/_sent_mail/214.,dataset/legitimo/emails.csv,
271,0,taylor-m/all_documents/7893.,dataset/legitimo/emails.csv,
272,1,d453bb9261b34a94,dataset/phishing/phishing_2024.csv,68
273,0,dasovich-j/inbox/754.,dataset/legitimo/emails.csv,
274,0,shankman-j/all_documents/120.,dataset/legitimo/emails.csv,
275,0,lay-k/inbox/1028.,dataset/legitimo/emails.csv,
276,1,3930b5eccce0f8d6,dataset/phishing/phishing_2024.csv,201
277,1,d08cb9a5c6a4e181,dataset/phishing/phishing_2024.csv,1
278,0,jones-t/all_documents/2128.,dataset/legitimo/emails.csv,
279,1,3fb27963ecec86c9,dataset/phishing/phishing.csv,241
280,0,sturm-f/sent_items/115.,dataset/legitimo/emails.csv,
281,0,rodrique-r/_sent_mail/12.,dataset/legitimo/emails.csv,
282,1,6a2e778145c32c0f,dataset/phishing/phishing_2024.csv,226
283,0,kaminski-v/all_documents/4225.,dataset/legitimo/emails.csv,
284,0,taylor-m/all_documents/7349.,dataset/legitimo/emails.csv,
285,1,06de98da4ccf38fc,dataset/phishing/phishing.csv,63
286,1,b43323e11f4debb2,dataset/phishing/phishing.csv,339
287,0,rodrique-r/_sent_mail/434.,dataset/legitimo/emails.csv,
288,1,26fdd51cae26f771,dataset/phishing/phishing.csv,78
289,1,5bf14fae1d26ad89,dataset/phishing/phishing.csv,177
290,0,rogers-b/all_documents/1649.,dataset/legitimo/emails.csv,
291,0,jones-t/all_documents/1746.,dataset/legitimo/emails.csv,
292,0,kaminski-v/all_documents/10162.,dataset/legitimo/emails.csv,
293,0,weldon-c/deleted_items/154.,dataset/legitimo/emails.csv,
294,1,2c9189d1f2e63c4e,dataset/phishing/phishing_2024.csv,180
295,1,63b23b60dc9268e8,dataset/phishing/phishing.csv,357
296,1,d2730f6ff9528ef4,dataset/phishing/phishing.csv,47
297,0,jones-t/all_documents/913.,dataset/legitimo/emails.csv,
298,0,linder-e/all_documents/30.,dataset/legitimo/emails.csv,
299,1,ff8f5f93402c325e,dataset/phishing/phishing.csv,477
300,1,eb5c7d7161f31810,dataset/phishing/phishing_2024.csv,169
301,1,f8293eb1d6f670a7,dataset/phishing/phishing.csv,81
302,0,ybarbo-p/inbox/67.,dataset/legitimo/emails.csv,
303,0,shackleton-s/all_documents/9999.,dataset/legitimo/emails.csv,
304,1,061f2aa1b6fc6031,dataset/phishing/phishing_2024.csv,396
305,0,ruscitti-k/all_documents/202.,dataset/legitimo/emails.csv,
306,0,rogers-b/all_documents/452.,dataset/legitimo/emails.csv,
307,0,symes-k/_sent_mail/1047.,dataset/legitimo/emails.csv,
308,1,fe2e61ea14321907,dataset/phishing/Nazario_5.csv,1620
309,1,cc36f215d0dc04ed,dataset/phishing/phishing.csv,31
310,0,zipper-a/sent_items/231.,dataset/legitimo/emails.csv,
311,0,shackleton-s/all_documents/1144.,dataset/legitimo/emails.csv,
312,0,benson-r/deleted_items/168.,dataset/legitimo/emails.csv,
313,1,3aa1ba6cf778efb8,dataset/phishing/Nazario_5.csv,1559
314,0,mann-k/_sent_mail/454.,dataset/legitimo/emails.csv,
315,1,9536f2768f556097,dataset/phishing/phishing_2024.csv,89
316,0,griffith-j/all_documents/238.,dataset/legitimo/emails.csv,
317,0,lavorato-j/deleted_items/353.,dataset/legitimo/emails.csv,
318,0,whalley-l/all_documents/1248.,dataset/legitimo/emails.csv,
319,0,lay-k/deleted_items/660.,dataset/legitimo/emails.csv,
320,1,bf6847a50b10aac2,dataset/phishing/phishing.csv,46
321,0,bass-e/deleted_items/156.,dataset/legitimo/emails.csv,
322,1,9c670ec6c3343df0,dataset/phishing/phishing.csv,185
323,1,39686f8b9c92dea1,dataset/phishing/phishing.csv,344
324,1,035bd78d107cdf3c,dataset/phishing/Nazario_5.csv,2590
325,1,b932a2e6a61c9b82,dataset/phishing/phishing_2024.csv,141
326,0,kean-s/all_documents/6057.,dataset/legitimo/emails.csv,
327,1,685c4991ada2882a,dataset/phishing/phishing_2024.csv,197
328,0,kean-s/all_documents/2302.,dataset/legitimo/emails.csv,
329,1,5d8681e686032376,dataset/phishing/phishing_2024.csv,371
330,1,a4cb0f60602397d7,dataset/phishing/phishing_2024.csv,7
331,1,a20a2d621034ea92,dataset/phishing/phishing_2024.csv,170
332,0,davis-d/deleted_items/230.,dataset/legitimo/emails.csv,
333,1,e24b224ca027a1a1,dataset/phishing/phishing_2024.csv,111
334,1,c010d0f89fbdc3a2,dataset/phishing/phishing.csv,385
335,0,farmer-d/logistics/221.,dataset/legitimo/emails.csv,
336,1,7216c593f632642f,dataset/phishing/phishing.csv,413
337,1,9556d13b7a58e9af,dataset/phishing/phishing.csv,206
338,0,sanders-r/all_documents/3834.,dataset/legitimo/emails.csv,
339,0,saibi-e/inbox/251.,dataset/legitimo/emails.csv,
340,0,maggi-m/deleted_items/2316.,dataset/legitimo/emails.csv,
341,1,a4dbc8c21cf28fe0,dataset/phishing/phishing.csv,341
342,0,kean-s/all_documents/512.,dataset/legitimo/emails.csv,
343,1,82343fbd4f69278f,dataset/phishing/Nazario_5.csv,1552
344,1,64769dfa451e3a3b,dataset/phishing/phishing_2024.csv,129
345,0,tholt-j/_sent_mail/45.,dataset/legitimo/emails.csv,
346,1,0b1326d48d010ea7,dataset/phishing/phishing.csv,394
347,0,bass-e/_sent_mail/694.,dataset/legitimo/emails.csv,
348,0,mann-k/_sent_mail/2762.,dataset/legitimo/emails.csv,
349,1,03fed6981854de1c,dataset/phishing/Nazario_5.csv,2988
350,1,3f15992df900896c,dataset/phishing/phishing.csv,193
351,1,4269057aa11fe105,dataset/phishing/phishing_2024.csv,55
352,0,kaminski-v/_sent_mail/527.,dataset/legitimo/emails.csv,
353,0,shively-h/deleted_items/325.,dataset/legitimo/emails.csv,
354,1,fd79b019e8431297,dataset/phishing/phishing.csv,136
355,1,211afa32498bb901,dataset/phishing/phishing_2024.csv,188
356,0,taylor-m/travel/22.,dataset/legitimo/emails.csv,
357,0,taylor-m/all_documents/7716.,dataset/legitimo/emails.csv,
358,0,fossum-d/_sent_mail/378.,dataset/legitimo/emails.csv,
359,0,lenhart-m/sent_items/408.,dataset/legitimo/emails.csv,
360,1,96d6536a87f01bbe,dataset/phishing/phishing_2024.csv,58
361,1,b2eb6fce6e2d0808,dataset/phishing/phishing.csv,373
362,1,e871770c7ded52f8,dataset/phishing/Nazario_5.csv,2783
363,1,0339245d354db3a5,dataset/phishing/phishing.csv,215
364,1,0866d8b0c9b3af0d,dataset/phishing/phishing_2024.csv,233
365,1,777315c37c978a77,dataset/phishing/phishing_2024.csv,42
366,0,dasovich-j/all_documents/3020.,dataset/legitimo/emails.csv,
367,1,d3774a55c6c06871,dataset/phishing/phishing.csv,363
368,0,mann-k/_sent_mail/4112.,dataset/legitimo/emails.csv,
369,1,94564357a0a8ec3c,dataset/phishing/phishing.csv,302
370,0,farmer-d/all_documents/3967.,dataset/legitimo/emails.csv,
371,0,rodrique-r/_sent_mail/77.,dataset/legitimo/emails.csv,
372,1,0f3df2e67c6f0420,dataset/phishing/phishing.csv,71
373,0,germany-c/all_documents/89.,dataset/legitimo/emails.csv,
374,0,kaminski-v/sent_items/1242.,dataset/legitimo/emails.csv,
375,0,maggi-m/deleted_items/84.,dataset/legitimo/emails.csv,
376,1,db0d9235cfd06ff0,dataset/phishing/phishing_2024.csv,53
377,0,beck-s/_sent_mail/540.,dataset/legitimo/emails.csv,
378,0,hain-m/all_documents/47.,dataset/legitimo/emails.csv,
379,0,lokay-m/all_documents/929.,dataset/legitimo/emails.csv,
380,0,lay-k/all_documents/19.,dataset/legitimo/emails.csv,
381,1,51fb35798ca5ddc7,dataset/phishing/Nazario_5.csv,3020
382,1,97a4133b5bfa5c2a,dataset/phishing/phishing.csv,471
383,0,arora-h/deleted_items/159.,dataset/legitimo/emails.csv,
384,0,watson-k/inbox/195.,dataset/legitimo/emails.csv,
385,1,8c14ac4cc33db428,dataset/phishing/phishing_2024.csv,380
386,1,bd6bb0d04d7a4060,dataset/phishing/phishing_2024.csv,102
387,0,kaminski-v/sent_items/2240.,dataset/legitimo/emails.csv,
388,1,bf6ebaecf43d5859,dataset/phishing/phishing_2024.csv,204
389,0,shapiro-r/2001_prc__midyear/13.,dataset/legitimo/emails.csv,
390,0,quigley-d/myfriends/57.,dataset/legitimo/emails.csv,
391,0,hain-m/all_documents/294.,dataset/legitimo/emails.csv,
392,1,afb5f90e9fa27048,dataset/phishing/phishing_2024.csv,24
393,1,8ec154137fe92b31,dataset/phishing/phishing_2024.csv,339
394,1,f043082464acf405,dataset/phishing/phishing_2024.csv,119
395,1,802612769a1314a0,dataset/phishing/Nazario_5.csv,2284
396,0,semperger-c/deleted_items/382.,dataset/legitimo/emails.csv,
397,0,dasovich-j/all_documents/8144.,dataset/legitimo/emails.csv,
398,1,21a98f59cfc0da34,dataset/phishing/phishing.csv,297
399,1,4c96119978ea94c9,dataset/phishing/phishing_2024.csv,120
400,1,3eb278e5a6f0f6e4,dataset/phishing/Nazario_5.csv,2579
401,1,5b91ffaac5178492,dataset/phishing/phishing.csv,265
402,1,0d21c0db20fe829d,dataset/phishing/Nazario_5.csv,2877
403,1,32fadec5f67ee1bb,dataset/phishing/phishing_2024.csv,297
404,1,b383ef861c9e2716,dataset/phishing/phishing.csv,469
405,0,rodrique-r/_sent_mail/511.,dataset/legitimo/emails.csv,
406,0,dean-c/deleted_items/297.,dataset/legitimo/emails.csv,
407,1,5b0c84f9dcf003e5,dataset/phishing/phishing.csv,411
408,0,baughman-d/ubsw_energy/it/1.,dataset/legitimo/emails.csv,
409,0,thomas-p/deleted_items/219.,dataset/legitimo/emails.csv,
410,1,d35c8c1705dd4a00,dataset/phishing/phishing_2024.csv,177
411,1,14d33bbce522d813,dataset/phishing/phishing_2024.csv,348
412,0,badeer-r/_sent_mail/21.,dataset/legitimo/emails.csv,
413,1,efb86876dc96da2d,dataset/phishing/Nazario_5.csv,1860
414,1,618f3cdc4d808eec,dataset/phishing/phishing.csv,75
415,0,guzman-m/_sent_mail/58.,dataset/legitimo/emails.csv,
416,1,5e356ec5b40c10ab,dataset/phishing/phishing.csv,294
417,1,1b66e0f6dcb89f0d,dataset/phishing/phishing.csv,54
418,1,ed444b9a43533422,dataset/phishing/phishing.csv,219
419,0,arnold-j/_sent_mail/591.,dataset/legitimo/emails.csv,
420,1,53c6974cbd3762ac,dataset/phishing/phishing_2024.csv,247
421,1,ad8f413454793eed,dataset/phishing/phishing.csv,374
422,0,mann-k/all_documents/6384.,dataset/legitimo/emails.csv,
423,1,d995c31dbcb61cf1,dataset/phishing/phishing_2024.csv,182
424,0,grigsby-m/_sent_mail/253.,dataset/legitimo/emails.csv,
425,0,dasovich-j/all_documents/10627.,dataset/legitimo/emails.csv,
426,0,donohoe-t/all_documents/175.,dataset/legitimo/emails.csv,
427,0,beck-s/all_documents/1.,dataset/legitimo/emails.csv,
428,0,holst-k/deleted_items/162.,dataset/legitimo/emails.csv,
429,0,shackleton-s/all_documents/8718.,dataset/legitimo/emails.csv,
430,1,e50e06967447992d,dataset/phishing/phishing.csv,476
431,0,jones-t/all_documents/3954.,dataset/legitimo/emails.csv,
432,0,stokley-c/chris_stokley/volume_mang_/104.,dataset/legitimo/emails.csv,
433,1,4108aa0edfa8f236,dataset/phishing/phishing_2024.csv,179
434,0,taylor-m/all_documents/804.,dataset/legitimo/emails.csv,
435,0,perlingiere-d/all_documents/92.,dataset/legitimo/emails.csv,
436,0,kean-s/rice/127.,dataset/legitimo/emails.csv,
437,1,edcb3431bec99b76,dataset/phishing/Nazario_5.csv,1604
438,1,e849e6dec670ebd5,dataset/phishing/phishing.csv,446
439,0,kean-s/all_documents/5119.,dataset/legitimo/emails.csv,
440,1,db94bced8521ddc3,dataset/phishing/phishing_2024.csv,5
441,1,b058895eb2c03080,dataset/phishing/phishing.csv,213
442,0,gay-r/deleted_items/96.,dataset/legitimo/emails.csv,
443,1,6504e2f9968735dc,dataset/phishing/phishing_2024.csv,205
444,0,germany-c/_sent_mail/1822.,dataset/legitimo/emails.csv,
445,1,37a974ce7e507688,dataset/phishing/phishing_2024.csv,163
446,1,c7353f9da9ecff09,dataset/phishing/Nazario_5.csv,1959
447,0,hain-m/all_documents/495.,dataset/legitimo/emails.csv,
448,1,e572bf9b191344dd,dataset/phishing/phishing_2024.csv,313
449,0,kean-s/all_documents/2183.,dataset/legitimo/emails.csv,
450,1,4d0aca1fee8c3173,dataset/phishing/phishing.csv,155
451,0,germany-c/_sent_mail/574.,dataset/legitimo/emails.csv,
452,1,00f7d341e813150c,dataset/phishing/phishing.csv,2
453,0,donoho-l/sent_items/168.,dataset/legitimo/emails.csv,
454,0,jones-t/all_documents/128.,dataset/legitimo/emails.csv,
455,0,beck-s/sent_items/335.,dataset/legitimo/emails.csv,
456,1,0c1ec7dc2b53557b,dataset/phishing/phishing.csv,382
457,0,kitchen-l/_americas/portland/181.,dataset/legitimo/emails.csv,
458,0,linder-e/all_documents/163.,dataset/legitimo/emails.csv,
459,1,d146ea2b7a9193b3,dataset/phishing/phishing_2024.csv,56
460,1,7e68c1c4f3f83cb7,dataset/phishing/phishing.csv,301
461,1,7f4d3b384c8643f6,dataset/phishing/phishing.csv,423
462,1,7378be37028d1053,dataset/phishing/phishing_2024.csv,353
463,0,taylor-m/all_documents/2638.,dataset/legitimo/emails.csv,
464,1,69e47332a688bea8,dataset/phishing/phishing_2024.csv,8
465,1,db8185c54726f111,dataset/phishing/phishing.csv,311
466,1,c1b06e704e2933ce,dataset/phishing/phishing.csv,205
467,1,4355600a9a6926aa,dataset/phishing/Nazario_5.csv,2517
468,1,39908d1b0c8c8a9b,dataset/phishing/phishing.csv,272
469,1,3e9fbe7ff7123b56,dataset/phishing/Nazario_5.csv,1542
470,1,e66fcdcf34047593,dataset/phishing/phishing_2024.csv,15
471,1,98ef9aaaac360df2,dataset/phishing/phishing_2024.csv,185
472,1,43d04e7ea9477305,dataset/phishing/Nazario_5.csv,2904
473,0,rogers-b/_sent_mail/692.,dataset/legitimo/emails.csv,
474,0,lavorato-j/_sent_mail/192.,dataset/legitimo/emails.csv,
475,1,26089162290e671f,dataset/phishing/phishing_2024.csv,59
476,1,fda16267cdadb5a4,dataset/phishing/phishing_2024.csv,280
477,1,99a091a26601182d,dataset/phishing/phishing.csv,464
478,1,b1211369e177a9f7,dataset/phishing/phishing.csv,313
479,0,shackleton-s/all_documents/8521.,dataset/legitimo/emails.csv,
480,0,badeer-r/all_documents/70.,dataset/legitimo/emails.csv,
481,0,dorland-c/sent_items/515.,dataset/legitimo/emails.csv,
482,1,b598d835a0657d51,dataset/phishing/phishing.csv,279
483,1,784f3d9bc1d297a8,dataset/phishing/phishing.csv,462
484,0,buy-r/inbox/282.,dataset/legitimo/emails.csv,
485,0,dean-c/info3/10.,dataset/legitimo/emails.csv,
486,1,91bce33374ae7d47,dataset/phishing/phishing_2024.csv,322
487,1,24bb33fdd1442b0a,dataset/phishing/phishing.csv,351
488,1,6298a7dcf420960d,dataset/phishing/Nazario_5.csv,2991
489,1,3d887dc55b42f2b2,dataset/phishing/phishing.csv,429
490,0,kitchen-l/_americas/sec/19.,dataset/legitimo/emails.csv,
491,1,e339c570ae3d9f90,dataset/phishing/phishing.csv,475
492,0,taylor-m/all_documents/3563.,dataset/legitimo/emails.csv,
493,1,5e1c0ccee163c3d2,dataset/phishing/phishing_2024.csv,117
494,1,75cb307fd67d9e8a,dataset/phishing/phishing_2024.csv,366
495,1,304e89ee1c00bc9b,dataset/phishing/phishing_2024.csv,381
496,0,sanders-r/all_documents/1677.,dataset/legitimo/emails.csv,
497,1,d14364511b7c21c7,dataset/phishing/phishing.csv,457
498,0,hyatt-k/deleted_items/179.,dataset/legitimo/emails.csv,
499,1,7d0ec102cb05b3c1,dataset/phishing/phishing_2024.csv,299
500,0,may-l/inbox/227.,dataset/legitimo/emails.csv,
501,1,3fe098f7b9c8f8c1,dataset/phishing/phishing_2024.csv,134
502,1,6a856b8a8f40ea37,dataset/phishing/Nazario_5.csv,2773
503,0,jones-t/all_documents/2853.,dataset/legitimo/emails.csv,
504,0,shankman-j/all_documents/11.,dataset/legitimo/emails.csv,
505,0,lokay-m/all_documents/1982.,dataset/legitimo/emails.csv,
506,0,forney-j/deleted_items/84.,dataset/legitimo/emails.csv,
507,1,5553246dbee67c84,dataset/phishing/phishing.csv,203
508,0,giron-d/_sent_mail/404.,dataset/legitimo/emails.csv,
509,0,griffith-j/all_documents/286.,dataset/legitimo/emails.csv,
510,1,87ad3d135ccac051,dataset/phishing/phishing.csv,187
511,1,c58f288b80359f4a,dataset/phishing/phishing.csv,333
512,1,efdbd9f3fd817fc2,dataset/phishing/phishing_2024.csv,147
513,0,shackleton-s/all_documents/5158.,dataset/legitimo/emails.csv,
514,0,jones-t/all_documents/11875.,dataset/legitimo/emails.csv,
515,0,kean-s/all_documents/1803.,dataset/legitimo/emails.csv,
516,1,b255287b654db7f8,dataset/phishing/Nazario_5.csv,1745
517,1,ecf0810aeab14338,dataset/phishing/phishing.csv,312
518,0,keavey-p/all_documents/151.,dataset/legitimo/emails.csv,
519,0,beck-s/all_documents/1141.,dataset/legitimo/emails.csv,
520,0,kean-s/all_documents/5815.,dataset/legitimo/emails.csv,
521,1,e8ed092820b3239f,dataset/phishing/phishing.csv,418
522,0,geaccone-t/gpg/11.,dataset/legitimo/emails.csv,
523,1,94cfea341eb64738,dataset/phishing/phishing_2024.csv,330
524,1,67e0ea667de5793f,dataset/phishing/phishing_2024.csv,343
525,1,78cd5412a37b2c40,dataset/phishing/phishing_2024.csv,393
526,1,1f508ff679ef13d3,dataset/phishing/phishing_2024.csv,100
527,1,664ad4df99d3ae13,dataset/phishing/phishing.csv,377
528,1,cc3309896e4b3dda,dataset/phishing/Nazario_5.csv,2542
529,0,sager-e/all_documents/710.,dataset/legitimo/emails.csv,
530,0,dasovich-j/all_documents/11286.,dataset/legitimo/emails.csv,
531,0,sager-e/all_documents/701.,dataset/legitimo/emails.csv,
532,1,3d7078afaee47013,dataset/phishing/phishing.csv,15
533,1,153067329ca1f2d4,dataset/phishing/phishing_2024.csv,314
534,1,68887e2708cb4824,dataset/phishing/Nazario_5.csv,1640
535,0,jones-t/all_documents/12395.,dataset/legitimo/emails.csv,
536,0,kaminski-v/all_documents/4944.,dataset/legitimo/emails.csv,
537,1,4bae182285a6074b,dataset/phishing/Nazario_5.csv,2034
538,1,245403fdad958969,dataset/phishing/phishing_2024.csv,36
539,0,farmer-d/all_documents/3964.,dataset/legitimo/emails.csv,
540,1,98ad6bf8a29f1eb8,dataset/phishing/phishing.csv,220
541,0,sager-e/all_documents/126.,dataset/legitimo/emails.csv,
542,0,cash-m/inbox/dlr/8.,dataset/legitimo/emails.csv,
543,0,lenhart-m/all_documents/1965.,dataset/legitimo/emails.csv,
544,0,richey-c/sent_items/215.,dataset/legitimo/emails.csv,
545,1,be5346c19a2d6c37,dataset/phishing/Nazario_5.csv,1777
546,1,be4d2f33372e9230,dataset/phishing/phishing_2024.csv,336
547,0,haedicke-m/all_documents/1020.,dataset/legitimo/emails.csv,
548,0,symes-k/all_documents/1809.,dataset/legitimo/emails.csv,
549,0,kean-s/all_documents/599.,dataset/legitimo/emails.csv,
550,1,e34705557b65c2a4,dataset/phishing/phishing_2024.csv,153
551,1,7c2bdcf935a13b28,dataset/phishing/phishing.csv,45
552,1,62edda22fbb48304,dataset/phishing/phishing.csv,314
553,0,dasovich-j/all_documents/4727.,dataset/legitimo/emails.csv,
554,1,3fd5beb6cd6cc69b,dataset/phishing/phishing.csv,106
555,0,keiser-k/inbox/159.,dataset/legitimo/emails.csv,
556,0,haedicke-m/all_documents/1283.,dataset/legitimo/emails.csv,
557,0,kean-s/all_documents/485.,dataset/legitimo/emails.csv,
558,1,41e2d7baf1ce6a7e,dataset/phishing/phishing.csv,113
559,0,corman-s/deleted_items/286.,dataset/legitimo/emails.csv,
560,1,c5d425aeb14810ec,dataset/phishing/phishing_2024.csv,70
561,0,allen-p/deleted_items/62.,dataset/legitimo/emails.csv,
562,1,887e7c1442845d17,dataset/phishing/Nazario_5.csv,1993
563,1,6e63ba6e22128dbb,dataset/phishing/phishing_2024.csv,370
564,1,e269842bd66b9376,dataset/phishing/phishing_2024.csv,212
565,0,love-p/_sent_mail/262.,dataset/legitimo/emails.csv,
566,0,bailey-s/all_documents/1.,dataset/legitimo/emails.csv,
567,1,2b5546c5652e4c3b,dataset/phishing/Nazario_5.csv,1877
568,0,taylor-m/all_documents/257.,dataset/legitimo/emails.csv,
569,1,316306e0cb353fbf,dataset/phishing/phishing.csv,77
570,0,delainey-d/_sent_mail/304.,dataset/legitimo/emails.csv,
571,0,jones-t/all_documents/4817.,dataset/legitimo/emails.csv,
572,0,kaminski-v/_sent_mail/4494.,dataset/legitimo/emails.csv,
573,0,mann-k/all_documents/910.,dataset/legitimo/emails.csv,
574,1,ceb8df88de1109bc,dataset/phishing/phishing_2024.csv,54
575,0,germany-c/_sent_mail/605.,dataset/legitimo/emails.csv,
576,1,765d2d8aca02f5bd,dataset/phishing/phishing_2024.csv,80
577,0,kaminski-v/all_documents/5218.,dataset/legitimo/emails.csv,
578,0,rodrique-r/_sent_mail/90.,dataset/legitimo/emails.csv,
579,0,farmer-d/all_documents/2992.,dataset/legitimo/emails.csv,
580,0,rodrique-r/_sent_mail/192.,dataset/legitimo/emails.csv,
581,0,germany-c/deleted_items/253.,dataset/legitimo/emails.csv,
582,0,kean-s/all_documents/6228.,dataset/legitimo/emails.csv,
583,1,71eeeeb81f3f2f8c,dataset/phishing/phishing.csv,352
584,1,4288c2100673b0f9,dataset/phishing/Nazario_5.csv,2644
585,1,d3da5f1042d8a4b3,dataset/phishing/phishing.csv,454
586,0,dasovich-j/all_documents/13017.,dataset/legitimo/emails.csv,
587,0,dasovich-j/all_documents/1643.,dataset/legitimo/emails.csv,
588,1,ed9999eb6395830e,dataset/phishing/phishing.csv,350
589,1,5085f1119573afda,dataset/phishing/phishing.csv,251
590,0,maggi-m/deleted_items/1331.,dataset/legitimo/emails.csv,
591,1,f3f9025ddc31a216,dataset/phishing/phishing_2024.csv,317
592,0,fossum-d/_sent_mail/678.,dataset/legitimo/emails.csv,
593,0,shapiro-r/all_documents/243.,dataset/legitimo/emails.csv,
594,0,kitchen-l/_americas/esvl/485.,dataset/legitimo/emails.csv,
595,1,972e099622dec261,dataset/phishing/phishing.csv,162
596,0,keavey-p/all_documents/297.,dataset/legitimo/emails.csv,
597,0,farmer-d/sent_items/391.,dataset/legitimo/emails.csv,
598,1,f1f31c716b8f2a3f,dataset/phishing/Nazario_5.csv,2757
599,1,8f0195f44523f249,dataset/phishing/Nazario_5.csv,2586
600,1,cde0f795fe1e7406,dataset/phishing/Nazario_5.csv,2022
601,1,d8f5fe7cb312335a,dataset/phishing/phishing_2024.csv,162
602,1,1f9a8a9d6fa6f1c5,dataset/phishing/phishing_2024.csv,143
603,0,delainey-d/_sent_mail/840.,dataset/legitimo/emails.csv,
604,0,baughman-d/all_documents/374.,dataset/legitimo/emails.csv,
605,0,kean-s/all_documents/1242.,dataset/legitimo/emails.csv,
606,0,mims-thurston-p/deleted_items/275.,dataset/legitimo/emails.csv,
607,0,mann-k/_sent_mail/906.,dataset/legitimo/emails.csv,
608,1,96b45a9f6560d5a7,dataset/phishing/phishing.csv,327
609,0,dasovich-j/all_documents/29329.,dataset/legitimo/emails.csv,
610,0,taylor-m/all_documents/8027.,dataset/legitimo/emails.csv,
611,1,b1066ad2c29c5f8d,dataset/phishing/phishing_2024.csv,187
612,1,b43d47864b4d4de6,dataset/phishing/Nazario_5.csv,2437
613,0,shapiro-r/deleted_items/1181.,dataset/legitimo/emails.csv,
614,0,shankman-j/all_documents/421.,dataset/legitimo/emails.csv,
615,0,nemec-g/all_documents/4563.,dataset/legitimo/emails.csv,
616,0,stclair-c/all_documents/560.,dataset/legitimo/emails.csv,
617,0,rodrique-r/_sent_mail/251.,dataset/legitimo/emails.csv,
618,1,bf5b5f246151fc3c,dataset/phishing/Nazario_5.csv,1987
619,1,1e7aac79905fbb68,dataset/phishing/Nazario_5.csv,2605
620,0,whalley-g/_sent_mail/24.,dataset/legitimo/emails.csv,
621,0,shankman-j/all_documents/535.,dataset/legitimo/emails.csv,
622,1,2bd9a53a775a33b5,dataset/phishing/phishing_2024.csv,383
623,1,4879c6b111d546f7,dataset/phishing/phishing_2024.csv,200
624,0,shackleton-s/all_documents/2639.,dataset/legitimo/emails.csv,
625,0,mann-k/_sent_mail/1.,dataset/legitimo/emails.csv,
626,0,shackleton-s/all_documents/10223.,dataset/legitimo/emails.csv,
627,0,love-p/_sent_mail/576.,dataset/legitimo/emails.csv,
628,1,972f2c8ebf43a409,dataset/phishing/phishing_2024.csv,66
629,0,guzman-m/all_documents/1152.,dataset/legitimo/emails.csv,
630,1,5e1c666fedcb824f,dataset/phishing/phishing.csv,318
631,0,campbell-l/all_documents/302.,dataset/legitimo/emails.csv,
632,1,ad7b2199b57043ff,dataset/phishing/phishing.csv,403
633,0,germany-c/_sent_mail/1782.,dataset/legitimo/emails.csv,
634,1,db91619c515a58b6,dataset/phishing/phishing.csv,261
635,1,417de7becd80a500,dataset/phishing/phishing_2024.csv,137
636,0,love-p/all_documents/550.,dataset/legitimo/emails.csv,
637,0,dasovich-j/all_documents/3383.,dataset/legitimo/emails.csv,
638,1,8ee21759eb24dcee,dataset/phishing/phishing.csv,230
639,0,shankman-j/all_documents/1132.,dataset/legitimo/emails.csv,
640,0,jones-t/all_documents/9405.,dataset/legitimo/emails.csv,
641,1,2613695bedb15453,dataset/phishing/phishing.csv,62
642,1,f5809b6598f6abc9,dataset/phishing/phishing_2024.csv,227
643,0,brawner-s/_sent_mail/26.,dataset/legitimo/emails.csv,
644,0,bass-e/inbox/7.,dataset/legitimo/emails.csv,
645,0,shackleton-s/all_documents/499.,dataset/legitimo/emails.csv,
646,1,b1061ead22170720,dataset/phishing/phishing.csv,409
647,1,c95374648f465e94,dataset/phishing/phishing_2024.csv,79
648,0,jones-t/all_documents/12032.,dataset/legitimo/emails.csv,
649,0,hain-m/all_documents/1155.,dataset/legitimo/emails.csv,
650,0,derrick-j/all_documents/49.,dataset/legitimo/emails.csv,
651,0,farmer-d/_sent_mail/472.,dataset/legitimo/emails.csv,
652,0,taylor-m/sent_items/551.,dataset/legitimo/emails.csv,
653,0,lenhart-m/all_documents/1995.,dataset/legitimo/emails.csv,
654,0,jones-t/all_documents/10337.,dataset/legitimo/emails.csv,
655,1,6e86a818ddbc2f63,dataset/phishing/phishing.csv,128
656,0,love-p/_sent_mail/669.,dataset/legitimo/emails.csv,
657,0,brawner-s/all_documents/94.,dataset/legitimo/emails.csv,
658,1,10f092f0bb0f9eb7,dataset/phishing/phishing_2024.csv,105
659,1,db4e7be470ee6b3d,dataset/phishing/phishing_2024.csv,88
660,1,3fbcac47d57266c7,dataset/phishing/phishing.csv,86
661,1,3d50e187692c415f,dataset/phishing/Nazario_5.csv,1887
662,0,brawner-s/inbox/147.,dataset/legitimo/emails.csv,
663,1,70072eb91a654d45,dataset/phishing/phishing.csv,428
664,0,dasovich-j/all_documents/8672.,dataset/legitimo/emails.csv,
665,0,symes-k/_sent_mail/374.,dataset/legitimo/emails.csv,
666,1,21c56a67efe9ea15,dataset/phishing/phishing.csv,89
667,0,guzman-m/all_documents/487.,dataset/legitimo/emails.csv,
668,1,fa677a8985d8f989,dataset/phishing/phishing.csv,371
669,1,7d2b1a6a93fe2d4f,dataset/phishing/phishing.csv,6
670,1,1650a9dd324dd85d,dataset/phishing/phishing_2024.csv,357
671,0,mcconnell-m/all_documents/458.,dataset/legitimo/emails.csv,
672,1,dfa729d1a766a901,dataset/phishing/Nazario_5.csv,2619
673,1,8eddbaf5740cf033,dataset/phishing/Nazario_5.csv,2110
674,1,43bfbda082572293,dataset/phishing/phishing_2024.csv,22
675,1,b8526a97d5132fec,dataset/phishing/phishing_2024.csv,63
676,0,rogers-b/all_documents/1443.,dataset/legitimo/emails.csv,
677,1,f7b4857fe7a44a2e,dataset/phishing/phishing.csv,328
678,1,8ff94afc7d155964,dataset/phishing/Nazario_5.csv,2182
679,0,williams-j/sent_items/57.,dataset/legitimo/emails.csv,
680,0,lokay-m/tw_commercial_group/1609.,dataset/legitimo/emails.csv,
681,0,farmer-d/all_documents/2584.,dataset/legitimo/emails.csv,
682,1,c0ed3bbea17d8fc5,dataset/phishing/phishing_2024.csv,312
683,0,kaminski-v/all_documents/691.,dataset/legitimo/emails.csv,
684,0,horton-s/deleted_items/374.,dataset/legitimo/emails.csv,
685,0,dasovich-j/all_documents/2300.,dataset/legitimo/emails.csv,
686,0,guzman-m/all_documents/2.,dataset/legitimo/emails.csv,
687,0,jones-t/all_documents/10918.,dataset/legitimo/emails.csv,
688,0,campbell-l/all_documents/1612.,dataset/legitimo/emails.csv,
689,0,dasovich-j/deleted_items/775.,dataset/legitimo/emails.csv,
690,1,fe37cce11ba5e9a5,dataset/phishing/phishing.csv,368
691,1,3dc55c35bbd2f4ce,dataset/phishing/phishing_2024.csv,11
692,1,fe4ae23a36ca3e24,dataset/phishing/phishing_2024.csv,390
693,0,shackleton-s/all_documents/388.,dataset/legitimo/emails.csv,
694,0,bass-e/all_documents/346.,dataset/legitimo/emails.csv,
695,0,dasovich-j/all_documents/13044.,dataset/legitimo/emails.csv,
696,1,abc923280a0006fd,dataset/phishing/phishing.csv,195
697,0,maggi-m/deleted_items/700.,dataset/legitimo/emails.csv,
698,1,22527b812e02f67e,dataset/phishing/phishing_2024.csv,310
699,1,324a85e802061c9b,dataset/phishing/phishing.csv,91
700,0,kaminski-v/all_documents/1953.,dataset/legitimo/emails.csv,
701,0,geaccone-t/inbox/252.,dataset/legitimo/emails.csv,
702,1,289e61d6303e6076,dataset/phishing/phishing_2024.csv,28
703,0,heard-m/sent_items/436.,dataset/legitimo/emails.csv,
704,1,0f4378a96034e36b,dataset/phishing/phishing.csv,57
705,0,bass-e/sent_items/158.,dataset/legitimo/emails.csv,
706,1,4bbbafc257962f04,dataset/phishing/phishing_2024.csv,239
707,1,ff29233a48444b7b,dataset/phishing/phishing_2024.csv,276
708,1,e9836b17607600ca,dataset/phishing/phishing.csv,245
709,1,dbc8d8f5adcdcea2,dataset/phishing/phishing.csv,122
710,1,4500a4cf47ef5d8d,dataset/phishing/Nazario_5.csv,1888
711,0,beck-s/all_documents/3.,dataset/legitimo/emails.csv,
712,1,d0c47fc919360b19,dataset/phishing/Nazario_5.csv,2372
713,1,15223b503cd953ae,dataset/phishing/phishing.csv,192
714,1,1574fd7170c87ac4,dataset/phishing/phishing_2024.csv,397
715,1,2c659cc88f0360c5,dataset/phishing/phishing_2024.csv,178
716,0,reitmeyer-j/inbox/431.,dataset/legitimo/emails.csv,
717,1,286c0027ec16edf3,dataset/phishing/phishing.csv,19
718,1,dafc2e632c0c6e3d,dataset/phishing/phishing.csv,472
719,0,keavey-p/inbox/26.,dataset/legitimo/emails.csv,
720,1,b8019c085b504865,dataset/phishing/phishing.csv,326
721,0,cuilla-m/deleted_items/438.,dataset/legitimo/emails.csv,
722,1,85a1e6d365177f6d,dataset/phishing/phishing.csv,478
723,0,kean-s/all_documents/921.,dataset/legitimo/emails.csv,
724,0,nemec-g/sent_items/56.,dataset/legitimo/emails.csv,
725,1,acfe83aab0591a66,dataset/phishing/phishing_2024.csv,267
726,1,162ad80b8dfc02d8,dataset/phishing/phishing.csv,32
727,1,14771e10d2993e9c,dataset/phishing/Nazario_5.csv,2318
728,1,97943e0f9991b543,dataset/phishing/phishing_2024.csv,331
729,1,63aad0f14039577d,dataset/phishing/Nazario_5.csv,2717
730,1,1a20d932a69c1878,dataset/phishing/phishing.csv,236
731,1,5c2bc5ba0b028050,dataset/phishing/Nazario_5.csv,2443
732,1,e682b4723b35cecc,dataset/phishing/phishing.csv,367
733,1,72e3184bca2c9c25,dataset/phishing/phishing_2024.csv,146
734,0,farmer-d/_sent_mail/604.,dataset/legitimo/emails.csv,
735,1,7f1b36e53de76b19,dataset/phishing/phishing_2024.csv,306
736,0,mann-k/_sent_mail/4023.,dataset/legitimo/emails.csv,
737,0,kean-s/all_documents/4721.,dataset/legitimo/emails.csv,
738,1,74e4c8e9d3a19c4e,dataset/phishing/phishing.csv,384
739,1,061619281852ba0d,dataset/phishing/phishing_2024.csv,224
740,1,a6d4d5e63e4aeec5,dataset/phishing/phishing.csv,161
741,0,symes-k/_sent_mail/178.,dataset/legitimo/emails.csv,
742,1,ce1d06df0212b670,dataset/phishing/phishing.csv,406
743,1,555e18c7da8f41e7,dataset/phishing/phishing.csv,88
744,1,aba813109af65fb4,dataset/phishing/phishing.csv,51
745,1,d0f749a76396313a,dataset/phishing/phishing_2024.csv,39
746,1,a092eac516283c8c,dataset/phishing/phishing.csv,170
747,1,497fb5a0d9aff7a4,dataset/phishing/phishing_2024.csv,388
748,0,mckay-b/all_documents/16.,dataset/legitimo/emails.csv,
749,0,arora-h/inbox/saved_mail/28.,dataset/legitimo/emails.csv,
750,0,guzman-m/all_documents/125.,dataset/legitimo/emails.csv,
751,0,weldon-c/sent_items/7.,dataset/legitimo/emails.csv,
752,0,lewis-a/inbox/47.,dataset/legitimo/emails.csv,
753,1,cc0fae46a24a707f,dataset/phishing/phishing_2024.csv,74
754,0,ward-k/sent_items/62.,dataset/legitimo/emails.csv,
755,1,06febdcb05a396fb,dataset/phishing/phishing.csv,197
756,0,beck-s/all_documents/343.,dataset/legitimo/emails.csv,
757,0,perlingiere-d/all_documents/358.,dataset/legitimo/emails.csv,
758,1,7645e2551952881b,dataset/phishing/Nazario_5.csv,2767
759,0,mann-k/all_documents/537.,dataset/legitimo/emails.csv,
760,0,corman-s/deleted_items/114.,dataset/legitimo/emails.csv,
761,1,1d5b0d95a1f7066b,dataset/phishing/phishing_2024.csv,113
762,1,dee5403f7e30da0c,dataset/phishing/phishing.csv,389
763,0,kean-s/all_documents/1572.,dataset/legitimo/emails.csv,
764,0,scott-s/sent_items/325.,dataset/legitimo/emails.csv,
765,0,blair-l/deleted_items/621.,dataset/legitimo/emails.csv,
766,0,staab-t/deleted_items/266.,dataset/legitimo/emails.csv,
767,0,kaminski-v/all_documents/2057.,dataset/legitimo/emails.csv,
768,1,f668dd9143e6b8d2,dataset/phishing/phishing_2024.csv,191
769,0,hyatt-k/inbox/22.,dataset/legitimo/emails.csv,
770,1,edcee336d0ec3bea,dataset/phishing/phishing.csv,271
771,0,dasovich-j/sent_items/335.,dataset/legitimo/emails.csv,
772,0,bass-e/all_documents/82.,dataset/legitimo/emails.csv,
773,0,king-j/deleted_items/288.,dataset/legitimo/emails.csv,
774,1,3d53b9392e2fa145,dataset/phishing/phishing.csv,353
775,1,0d7079b6ae8de3f8,dataset/phishing/phishing_2024.csv,4
776,0,lavorato-j/_sent_mail/239.,dataset/legitimo/emails.csv,
777,0,stokley-c/chris_stokley/volume_mang_/75.,dataset/legitimo/emails.csv,
778,1,434c315b92703679,dataset/phishing/phishing.csv,349
779,1,30007ac27a1fff65,dataset/phishing/phishing.csv,480
780,1,ead7aa078e8f92c0,dataset/phishing/phishing_2024.csv,257
781,1,caa99ef6397f2d1c,dataset/phishing/phishing.csv,417
782,1,c0b06aa5a356879c,dataset/phishing/phishing_2024.csv,152
783,1,8b667fb0f3a9d5d8,dataset/phishing/Nazario_5.csv,1743
784,1,dd58ab9429617935,dataset/phishing/phishing.csv,201
785,0,lenhart-m/all_documents/568.,dataset/legitimo/emails.csv,
786,1,474aa1a08c81d577,dataset/phishing/phishing_2024.csv,214
787,1,9547f165a7e3f835,dataset/phishing/Nazario_5.csv,2349
788,0,guzman-m/all_documents/727.,dataset/legitimo/emails.csv,
789,1,ef7f9b19928a2238,dataset/phishing/Nazario_5.csv,1515
790,0,guzman-m/all_documents/1897.,dataset/legitimo/emails.csv,
791,0,tycholiz-b/inbox/142.,dataset/legitimo/emails.csv,
792,1,bc7d3b3089c2824d,dataset/phishing/Nazario_5.csv,2570
793,0,kean-s/all_documents/1927.,dataset/legitimo/emails.csv,
794,1,e979f3b2bfc05870,dataset/phishing/phishing.csv,337
795,1,f61208ebab5e7e4f,dataset/phishing/Nazario_5.csv,2549
796,1,439d04f717c8ec8a,dataset/phishing/phishing_2024.csv,32
797,0,beck-s/all_documents/2388.,dataset/legitimo/emails.csv,
798,0,meyers-a/deleted_items/584.,dataset/legitimo/emails.csv,
799,1,68fc927105db84bd,dataset/phishing/phishing.csv,424
800,1,e309d4a6916c9a60,dataset/phishing/Nazario_5.csv,2807
801,0,beck-s/_sent_mail/225.,dataset/legitimo/emails.csv,
802,1,caa0f14ea75fd251,dataset/phishing/phishing.csv,111
803,1,bba9ccc10bbb1b11,dataset/phishing/phishing.csv,140
804,0,scott-s/_sent_mail/596.,dataset/legitimo/emails.csv,
805,1,707f829ab18383bb,dataset/phishing/Nazario_5.csv,2580
806,1,469b05a22ed284c5,dataset/phishing/phishing.csv,400
807,0,lavorato-j/inbox/20.,dataset/legitimo/emails.csv,
808,1,44a8afd89c4cc077,dataset/phishing/phishing_2024.csv,283
809,1,8d77129aa489eab3,dataset/phishing/Nazario_5.csv,2559
810,0,richey-c/sent_items/121.,dataset/legitimo/emails.csv,
811,1,776164257222fe7f,dataset/phishing/phishing.csv,231
812,0,beck-s/_sent_mail/389.,dataset/legitimo/emails.csv,
813,1,cb79e35804e04692,dataset/phishing/phishing.csv,154
814,0,lokay-m/all_documents/19.,dataset/legitimo/emails.csv,
815,0,kaminski-v/deleted_items/714.,dataset/legitimo/emails.csv,
816,0,arnold-j/deleted_items/248.,dataset/legitimo/emails.csv,
817,0,stclair-c/all_documents/1000.,dataset/legitimo/emails.csv,
818,0,jones-t/all_documents/5287.,dataset/legitimo/emails.csv,
819,0,wolfe-j/inbox/117.,dataset/legitimo/emails.csv,
820,0,germany-c/_sent_mail/738.,dataset/legitimo/emails.csv,
821,1,cb12efd764aafa8e,dataset/phishing/phishing_2024.csv,318
822,0,lay-k/all_documents/299.,dataset/legitimo/emails.csv,
823,1,88da1e6b30678bb8,dataset/phishing/Nazario_5.csv,3056
824,1,685712700a3a480b,dataset/phishing/Nazario_5.csv,2800
825,1,4b5a5bd52014c8c1,dataset/phishing/phishing.csv,10
826,0,williams-w3/schedule_crawler/1221.,dataset/legitimo/emails.csv,
827,0,symes-k/all_documents/751.,dataset/legitimo/emails.csv,
828,1,fb22bffa7d889905,dataset/phishing/phishing.csv,323
829,1,073d4398eb6fe501,dataset/phishing/Nazario_5.csv,1976
830,0,giron-d/deleted_items/122.,dataset/legitimo/emails.csv,
831,1,0d8503578d2c3e77,dataset/phishing/phishing.csv,332
832,1,0d50da470c0b477b,dataset/phishing/phishing_2024.csv,368
833,1,c9d0d49ed401065f,dataset/phishing/phishing_2024.csv,220
834,1,ed1319e8fae5e1de,dataset/phishing/Nazario_5.csv,3054
835,1,bd5dc0845da82dd7,dataset/phishing/Nazario_5.csv,1629
836,1,e833ba0ce1eb5560,dataset/phishing/phishing.csv,143
837,0,kaminski-v/all_documents/10027.,dataset/legitimo/emails.csv,
838,1,509d65971915b061,dataset/phishing/phishing.csv,364
839,0,mcconnell-m/_sent_mail/574.,dataset/legitimo/emails.csv,
840,1,73fef7a921f50a91,dataset/phishing/Nazario_5.csv,2146
841,1,6159d956dee40383,dataset/phishing/Nazario_5.csv,2776
842,0,rogers-b/_sent_mail/508.,dataset/legitimo/emails.csv,
843,1,d0b62b6c377de582,dataset/phishing/Nazario_5.csv,2490
844,1,7f0917eefd812c0f,dataset/phishing/Nazario_5.csv,2880
845,1,44645f4af135fe2f,dataset/phishing/phishing_2024.csv,300
846,1,3ffb08066257770b,dataset/phishing/phishing.csv,237
847,0,campbell-l/all_documents/808.,dataset/legitimo/emails.csv,
848,0,giron-d/all_documents/4.,dataset/legitimo/emails.csv,
849,1,b27fe7deadacee64,dataset/phishing/phishing.csv,173
850,0,donohoe-t/_sent_mail/6.,dataset/legitimo/emails.csv,
851,1,4f21f341be9e0e50,dataset/phishing/Nazario_5.csv,1611
852,1,6c9a64624f1ca7aa,dataset/phishing/Nazario_5.csv,1936
853,1,7e0b6d651a4a8df7,dataset/phishing/phishing_2024.csv,230
854,1,f2ad1516c1af10ef,dataset/phishing/phishing_2024.csv,93
855,0,nemec-g/all_documents/854.,dataset/legitimo/emails.csv,
856,0,beck-s/_sent_mail/239.,dataset/legitimo/emails.csv,
857,1,2ee4a233b13b63b0,dataset/phishing/phishing_2024.csv,186
858,1,f4e84dde58757348,dataset/phishing/phishing.csv,216
859,0,symes-k/all_documents/586.,dataset/legitimo/emails.csv,
860,1,cf45487199ce2732,dataset/phishing/Nazario_5.csv,1765
861,1,02cd2ff3160d9e57,dataset/phishing/phishing.csv,459
862,1,a901ed72ee8a03e4,dataset/phishing/phishing.csv,101
863,0,kaminski-v/_sent_mail/2564.,dataset/legitimo/emails.csv,
864,0,haedicke-m/sent_items/36.,dataset/legitimo/emails.csv,
865,1,df9a99e299864123,dataset/phishing/phishing.csv,171
866,1,fc23ad81ddeb3778,dataset/phishing/phishing.csv,468
867,0,kitchen-l/sent_items/11.,dataset/legitimo/emails.csv,
868,1,192cec20ed6776c7,dataset/phishing/phishing_2024.csv,48
869,0,williams-w3/bill/6.,dataset/legitimo/emails.csv,
870,1,2a8983c0e1da46aa,dataset/phishing/phishing_2024.csv,266
871,0,scott-s/_sent_mail/732.,dataset/legitimo/emails.csv,
872,0,lenhart-m/all_documents/1617.,dataset/legitimo/emails.csv,
873,0,dasovich-j/all_documents/9807.,dataset/legitimo/emails.csv,
874,1,91920dfa2c8ef9bd,dataset/phishing/phishing_2024.csv,17
875,1,d876bfb386551dd1,dataset/phishing/phishing_2024.csv,139
876,1,942ffa34882c2eb8,dataset/phishing/phishing.csv,196
877,1,03dcb6e12fb7b664,dataset/phishing/phishing.csv,438
878,1,44164c3a6f684581,dataset/phishing/phishing_2024.csv,165
879,0,mann-k/all_documents/2400.,dataset/legitimo/emails.csv,
880,0,kean-s/all_documents/1877.,dataset/legitimo/emails.csv,
881,0,allen-p/deleted_items/174.,dataset/legitimo/emails.csv,
882,0,sanders-r/all_documents/1965.,dataset/legitimo/emails.csv,
883,0,perlingiere-d/all_documents/225.,dataset/legitimo/emails.csv,
884,1,a6adf2164c6b8f82,dataset/phishing/Nazario_5.csv,1602
885,0,scott-s/all_documents/846.,dataset/legitimo/emails.csv,
886,1,d7f0a54e348b9bba,dataset/phishing/Nazario_5.csv,2171
887,0,cash-m/sent_items/506.,dataset/legitimo/emails.csv,
888,1,16c0faa3760bafa7,dataset/phishing/phishing_2024.csv,262
889,1,981a594e20e3e72b,dataset/phishing/phishing.csv,156
890,0,arnold-j/deleted_items/16.,dataset/legitimo/emails.csv,
891,0,dasovich-j/deleted_items/1780.,dataset/legitimo/emails.csv,
892,1,10fadd99522aaac8,dataset/phishing/Nazario_5.csv,2914
893,1,d159a21be6b75dab,dataset/phishing/phishing.csv,470
894,1,f4758712ed57dd32,dataset/phishing/phishing_2024.csv,232
895,0,mcconnell-m/_sent_mail/284.,dataset/legitimo/emails.csv,
896,1,3bb8676809a38580,dataset/phishing/Nazario_5.csv,1822
897,0,zipper-a/sent_items/238.,dataset/legitimo/emails.csv,
898,1,b8b6fb6978ab0daf,dataset/phishing/phishing_2024.csv,206
899,1,3766da26a61f94e7,dataset/phishing/phishing.csv,335
900,1,ced7e800e859e093,dataset/phishing/Nazario_5.csv,2758
901,0,farmer-d/all_documents/1997.,dataset/legitimo/emails.csv,
902,0,kaminski-v/_sent_mail/1486.,dataset/legitimo/emails.csv,
903,1,7d49f02bee1eac75,dataset/phishing/phishing.csv,93
904,1,13299e635402c79b,dataset/phishing/phishing.csv,43
905,0,rogers-b/all_documents/625.,dataset/legitimo/emails.csv,
906,0,bailey-s/deleted_items/13.,dataset/legitimo/emails.csv,
907,1,cb45971c1d1184f8,dataset/phishing/phishing.csv,145
908,0,steffes-j/credit_issues/6.,dataset/legitimo/emails.csv,
909,0,beck-s/all_documents/2199.,dataset/legitimo/emails.csv,
910,0,jones-t/all_documents/2217.,dataset/legitimo/emails.csv,
911,0,horton-s/all_documents/374.,dataset/legitimo/emails.csv,
912,0,shackleton-s/all_documents/2295.,dataset/legitimo/emails.csv,
913,0,farmer-d/all_documents/1985.,dataset/legitimo/emails.csv,
914,1,4d6382a5e5d13eb1,dataset/phishing/phishing.csv,180
915,1,132302243cc066b0,dataset/phishing/phishing_2024.csv,333
916,1,8a41f8401cae12a5,dataset/phishing/phishing.csv,331
917,0,kitchen-l/_americas/mrha/ooc/138.,dataset/legitimo/emails.csv,
918,0,hyvl-d/all_documents/1297.,dataset/legitimo/emails.csv,
919,0,benson-r/deleted_items/194.,dataset/legitimo/emails.csv,
920,0,kaminski-v/all_documents/2265.,dataset/legitimo/emails.csv,
921,0,dasovich-j/all_documents/2424.,dataset/legitimo/emails.csv,
922,1,5b7f1f05f4e502f1,dataset/phishing/phishing_2024.csv,394
923,1,84c7af6bba8ab7cb,dataset/phishing/Nazario_5.csv,2673
924,1,b23c8340ef32341a,dataset/phishing/phishing.csv,392
925,0,causholli-m/deleted_items/7.,dataset/legitimo/emails.csv,
926,1,4abc5bd0f6e53e2a,dataset/phishing/phishing_2024.csv,158
927,1,664ed21b6a235573,dataset/phishing/Nazario_5.csv,2184
928,1,e4a7a2e8e9712dea,dataset/phishing/Nazario_5.csv,2728
929,0,farmer-d/all_documents/3032.,dataset/legitimo/emails.csv,
930,0,mann-k/florida/69.,dataset/legitimo/emails.csv,
931,0,fossum-d/_sent_mail/801.,dataset/legitimo/emails.csv,
932,0,kaminski-v/_sent_mail/4142.,dataset/legitimo/emails.csv,
933,0,davis-d/all_documents/198.,dataset/legitimo/emails.csv,
934,1,56251e5d5fc2300c,dataset/phishing/phishing.csv,150
935,1,1294dc6628bdc522,dataset/phishing/phishing_2024.csv,29
936,1,6eb074fafdd13819,dataset/phishing/phishing.csv,422
937,0,dasovich-j/inbox/478.,dataset/legitimo/emails.csv,
938,1,027f7a57226f2cd4,dataset/phishing/phishing.csv,375
939,0,arnold-j/deleted_items/746.,dataset/legitimo/emails.csv,
940,0,nemec-g/all_documents/5160.,dataset/legitimo/emails.csv,
941,0,love-p/_sent_mail/797.,dataset/legitimo/emails.csv,
942,1,c20be19cc66fcbfe,dataset/phishing/Nazario_5.csv,2685
943,0,beck-s/all_documents/695.,dataset/legitimo/emails.csv,
944,0,bass-e/ffl/20.,dataset/legitimo/emails.csv,
945,0,parks-j/inbox/382.,dataset/legitimo/emails.csv,
946,0,williams-w3/bill_williams_iii/224.,dataset/legitimo/emails.csv,
947,0,blair-l/itinerary_off_duty/5.,dataset/legitimo/emails.csv,
948,1,e6867e0d2b4c638d,dataset/phishing/Nazario_5.csv,1886
949,0,taylor-m/all_documents/1494.,dataset/legitimo/emails.csv,
950,0,taylor-m/all_documents/2495.,dataset/legitimo/emails.csv,
951,1,87ac15c754878e54,dataset/phishing/phishing.csv,369
952,0,semperger-c/sent_items/232.,dataset/legitimo/emails.csv,
953,1,a9154b322b20e92d,dataset/phishing/phishing.csv,359
954,0,gang-l/deleted_items/487.,dataset/legitimo/emails.csv,
955,0,kean-s/all_documents/1174.,dataset/legitimo/emails.csv,
956,0,davis-d/all_documents/434.,dataset/legitimo/emails.csv,
957,1,15ec14e51cc18e25,dataset/phishing/phishing.csv,183
958,1,b4d337001db671d1,dataset/phishing/phishing.csv,12
959,0,shively-h/_sent_mail/131.,dataset/legitimo/emails.csv,
960,1,91bebb6e92066172,dataset/phishing/phishing.csv,188
961,1,012da2defd958eed,dataset/phishing/phishing_2024.csv,246
962,0,shackleton-s/inbox/434.,dataset/legitimo/emails.csv,
963,1,d6cf3f27522ca84b,dataset/phishing/phishing.csv,295
964,0,love-p/_sent_mail/131.,dataset/legitimo/emails.csv,
965,0,dasovich-j/all_documents/28971.,dataset/legitimo/emails.csv,
966,1,ec7f37975b03f54a,dataset/phishing/Nazario_5.csv,2189
967,1,eb4ead47cbd8366a,dataset/phishing/phishing_2024.csv,270
968,1,0efdf3b6ee5cd616,dataset/phishing/phishing.csv,293
969,1,5cd493a3aec75851,dataset/phishing/Nazario_5.csv,2504
970,1,4dde4749c380139e,dataset/phishing/Nazario_5.csv,1838
971,0,campbell-l/sent_items/18.,dataset/legitimo/emails.csv,
972,1,19d84d8d120d922a,dataset/phishing/phishing.csv,152
973,1,abbd7578c93428dc,dataset/phishing/Nazario_5.csv,2320
974,0,zipper-a/sent_items/182.,dataset/legitimo/emails.csv,
975,1,67681ab5a59d5af3,dataset/phishing/phishing_2024.csv,135
976,1,7aaa8a211f39c6ec,dataset/phishing/phishing.csv,360
977,0,guzman-m/all_documents/1865.,dataset/legitimo/emails.csv,
978,0,kean-s/all_documents/5916.,dataset/legitimo/emails.csv,
979,0,lokay-m/sent_items/62.,dataset/legitimo/emails.csv,
980,1,7173e494909cfe17,dataset/phishing/phishing_2024.csv,144
981,1,ef3e1a3dca8d97c2,dataset/phishing/phishing.csv,153
982,0,haedicke-m/all_documents/5091.,dataset/legitimo/emails.csv,
983,1,f605b9e63203ad72,dataset/phishing/phishing_2024.csv,116
984,1,1733e4b3f0d13a03,dataset/phishing/phishing.csv,249
985,1,fcd75baedf59e54c,dataset/phishing/phishing_2024.csv,332
986,1,cd40e119c2639cf5,dataset/phishing/Nazario_5.csv,3013
987,0,kean-s/all_documents/6525.,dataset/legitimo/emails.csv,
988,0,jones-t/all_documents/3769.,dataset/legitimo/emails.csv,
989,1,12174ee181160eb8,dataset/phishing/phishing.csv,458
990,1,26b682f9bc32ec59,dataset/phishing/phishing.csv,366
991,0,dasovich-j/all_documents/1258.,dataset/legitimo/emails.csv,
992,1,67b51c34b665b0f5,dataset/phishing/phishing.csv,340
993,0,shankman-j/deleted_items/590.,dataset/legitimo/emails.csv,
994,0,guzman-m/all_documents/1158.,dataset/legitimo/emails.csv,
995,1,8216c6ac5961758a,dataset/phishing/phishing.csv,26
996,0,weldon-c/_sent_mail/80.,dataset/legitimo/emails.csv,
997,1,919795615035c776,dataset/phishing/phishing_2024.csv,321
998,0,hyatt-k/personal/174.,dataset/legitimo/emails.csv,
999,1,c45662458aab0977,dataset/phishing/phishing.csv,214
1000,1,563de02573bbee3c,dataset/phishing/phishing_2024.csv,9
1001,1,fc2e9fa72e79f57f,dataset/phishing/phishing_2024.csv,160
1002,1,236e9263c4fcd24c,dataset/phishing/Nazario_5.csv,1815
1003,1,fb4921e6214529ac,dataset/phishing/Nazario_5.csv,1633
1004,1,0cb409df6509936d,dataset/phishing/phishing_2024.csv,77
1005,1,1484220e89beeccb,dataset/phishing/phishing_2024.csv,195
1006,0,jones-t/all_documents/10903.,dataset/legitimo/emails.csv,
1007,0,shackleton-s/all_documents/958.,dataset/legitimo/emails.csv,
1008,0,dasovich-j/all_documents/9118.,dataset/legitimo/emails.csv,
1009,1,6999298fa130f068,dataset/phishing/Nazario_5.csv,2448
1010,1,8f8cc113c2579e1c,dataset/phishing/phishing.csv,3
1011,0,jones-t/all_documents/3401.,dataset/legitimo/emails.csv,
1012,0,donohoe-t/all_documents/114.,dataset/legitimo/emails.csv,
1013,1,607a1ceae276af84,dataset/phishing/phishing_2024.csv,38
1014,1,785864ffaf151f7b,dataset/phishing/phishing.csv,362
1015,1,489d1d6674d61444,dataset/phishing/phishing.csv,5
1016,1,3663bb18e8a18074,dataset/phishing/phishing.csv,247
1017,0,shackleton-s/all_documents/3876.,dataset/legitimo/emails.csv,
1018,1,5533f3cf80cd2130,dataset/phishing/phishing_2024.csv,133
1019,1,f8bfdf097a8788f6,dataset/phishing/phishing.csv,253
1020,1,4af3342f98704cda,dataset/phishing/phishing.csv,41
1021,1,c99d9862448ca19f,dataset/phishing/phishing_2024.csv,128
1022,1,7ade10eaa507d7d5,dataset/phishing/phishing.csv,270
1023,1,039147c76ba20192,dataset/phishing/Nazario_5.csv,2564
1024,0,kean-s/sent_items/521.,dataset/legitimo/emails.csv,
1025,0,shackleton-s/all_documents/1608.,dataset/legitimo/emails.csv,
1026,0,beck-s/all_documents/2362.,dataset/legitimo/emails.csv,
1027,1,93249950ebe04d6c,dataset/phishing/Nazario_5.csv,1986
1028,0,skilling-j/all_documents/1453.,dataset/legitimo/emails.csv,
1029,0,kaminski-v/_sent_mail/2502.,dataset/legitimo/emails.csv,
1030,0,nemec-g/sent_items/717.,dataset/legitimo/emails.csv,
1031,1,c98897e62f095c60,dataset/phishing/phishing_2024.csv,259
1032,0,delainey-d/_sent_mail/138.,dataset/legitimo/emails.csv,
1033,1,22ca7b177ebbaceb,dataset/phishing/phishing.csv,355
1034,1,e3266940db457232,dataset/phishing/phishing_2024.csv,296
1035,0,allen-p/deleted_items/63.,dataset/legitimo/emails.csv,
1036,1,77a3ce2ab90e5f5e,dataset/phishing/phishing.csv,473
1037,1,a4d4939a1ee3cbed,dataset/phishing/phishing_2024.csv,183
1038,0,bass-e/all_documents/3.,dataset/legitimo/emails.csv,
1039,1,4159e0002ec27856,dataset/phishing/phishing_2024.csv,215
1040,0,mann-k/_sent_mail/3704.,dataset/legitimo/emails.csv,
1041,0,kean-s/deleted_items/68.,dataset/legitimo/emails.csv,
1042,1,6cabe592b5c90e0b,dataset/phishing/phishing.csv,252
1043,0,smith-m/_sent_mail/163.,dataset/legitimo/emails.csv,
1044,0,mann-k/_sent_mail/3605.,dataset/legitimo/emails.csv,
1045,0,guzman-m/all_documents/784.,dataset/legitimo/emails.csv,
1046,1,3ca10f39ea2ba0ee,dataset/phishing/phishing.csv,70
1047,1,1275e73e83dae934,dataset/phishing/phishing.csv,25
1048,1,97e93f5927d7dc9d,dataset/phishing/phishing.csv,158
1049,1,e093ac23872948f8,dataset/phishing/phishing_2024.csv,121
1050,1,9eefcb573a24fbf7,dataset/phishing/Nazario_5.csv,1781
1051,0,kean-s/all_documents/5962.,dataset/legitimo/emails.csv,
1052,1,51388688d2b4a89d,dataset/phishing/phishing.csv,90
1053,0,sanders-r/all_documents/3491.,dataset/legitimo/emails.csv,
1054,0,symes-k/_sent_mail/740.,dataset/legitimo/emails.csv,
1055,0,jones-t/sent_items/244.,dataset/legitimo/emails.csv,
1056,0,cash-m/deleted_items/263.,dataset/legitimo/emails.csv,
1057,0,kitchen-l/_americas/mexico/53.,dataset/legitimo/emails.csv,
1058,0,lay-k/inbox/1665.,dataset/legitimo/emails.csv,
1059,1,e4c240e60d1d74ae,dataset/phishing/phishing.csv,408
1060,0,baughman-d/all_documents/308.,dataset/legitimo/emails.csv,
1061,0,dasovich-j/all_documents/28505.,dataset/legitimo/emails.csv,
1062,0,farmer-d/all_documents/209.,dataset/legitimo/emails.csv,
1063,0,jones-t/all_documents/11952.,dataset/legitimo/emails.csv,
1064,0,mann-k/_sent_mail/577.,dataset/legitimo/emails.csv,
1065,0,kaminski-v/_sent_mail/997.,dataset/legitimo/emails.csv,
1066,0,shackleton-s/all_documents/1105.,dataset/legitimo/emails.csv,
1067,1,b72b6785aff1712a,dataset/phishing/phishing_2024.csv,263
1068,1,9b592944ce7242d4,dataset/phishing/phishing.csv,410
1069,1,d51c11293ce68b37,dataset/phishing/phishing.csv,82
1070,1,a4fc26889814fa98,dataset/phishing/phishing.csv,28
1071,0,mclaughlin-e/inbox/192.,dataset/legitimo/emails.csv,
1072,1,d59edbdc2a542685,dataset/phishing/phishing_2024.csv,108
1073,0,mann-k/all_documents/1184.,dataset/legitimo/emails.csv,
1074,1,59e43a106714ec06,dataset/phishing/phishing.csv,58
1075,1,265c0fd43d80af8f,dataset/phishing/phishing_2024.csv,234
1076,1,4e0b97c084ea1737,dataset/phishing/phishing.csv,343
1077,1,ffa13ddee6d3d295,dataset/phishing/phishing_2024.csv,326
1078,1,1e3cd31d7d9f6900,dataset/phishing/phishing_2024.csv,218
1079,1,bb578a9956a47b2e,dataset/phishing/phishing.csv,7
1080,1,ab9e8cc3ec9662f8,dataset/phishing/Nazario_5.csv,2447
1081,0,scott-s/all_documents/372.,dataset/legitimo/emails.csv,
1082,1,828cda9cad86550b,dataset/phishing/phishing.csv,379
1083,1,d31041a961e697c0,dataset/phishing/phishing.csv,49
1084,0,jones-t/all_documents/1015.,dataset/legitimo/emails.csv,
1085,1,86e0c325bbe365dc,dataset/phishing/phishing.csv,112
1086,1,fe04ffdbe1418cf0,dataset/phishing/phishing.csv,393
1087,0,mclaughlin-e/inbox/212.,dataset/legitimo/emails.csv,
1088,1,033691d51b59bac6,dataset/phishing/phishing.csv,263
1089,1,69e451c270d42ddd,dataset/phishing/phishing.csv,235
1090,0,mann-k/_sent_mail/4084.,dataset/legitimo/emails.csv,
1091,0,arnold-j/all_documents/641.,dataset/legitimo/emails.csv,
1092,1,c51eefc40f805723,dataset/phishing/Nazario_5.csv,3023
1093,0,dorland-c/all_documents/7.,dataset/legitimo/emails.csv,
1094,0,fossum-d/all_documents/761.,dataset/legitimo/emails.csv,
1095,0,guzman-m/all_documents/837.,dataset/legitimo/emails.csv,
1096,1,91105e8597d5e425,dataset/phishing/phishing_2024.csv,106
1097,1,e5dda3fb6cf61681,dataset/phishing/phishing.csv,257
1098,1,94cbbfacee0b2da2,dataset/phishing/phishing_2024.csv,241
1099,0,jones-t/all_documents/103.,dataset/legitimo/emails.csv,
1100,1,f8e3ee22e296e2be,dataset/phishing/phishing_2024.csv,118
1101,0,shapiro-r/all_documents/563.,dataset/legitimo/emails.csv,
1102,1,706c76aba8b693a1,dataset/phishing/phishing_2024.csv,193
1103,0,baughman-d/enron_power/vermont_yankee_nuke/9.,dataset/legitimo/emails.csv,
1104,0,taylor-m/all_documents/789.,dataset/legitimo/emails.csv,
1105,0,scott-s/sent_items/677.,dataset/legitimo/emails.csv,
1106,1,531b27b2319655e4,dataset/phishing/phishing.csv,64
1107,0,kitchen-l/sent_items/20.,dataset/legitimo/emails.csv,
1108,1,c8cf3b7743869be1,dataset/phishing/phishing.csv,97
1109,1,140702e2aab39f65,dataset/phishing/phishing_2024.csv,264
1110,1,9834399a7f5913ce,dataset/phishing/phishing.csv,321
1111,0,blair-l/sent_items/695.,dataset/legitimo/emails.csv,
1112,1,8ed8ea4aa96fa037,dataset/phishing/phishing.csv,405
1113,0,kean-s/all_documents/6222.,dataset/legitimo/emails.csv,
1114,0,lay-k/_sent/71.,dataset/legitimo/emails.csv,
1115,1,363d90b9874694ad,dataset/phishing/Nazario_5.csv,2322
1116,0,nemec-g/inbox/1068.,dataset/legitimo/emails.csv,
1117,1,95de80fe0702f8ea,dataset/phishing/phishing.csv,116
1118,1,d1f7b231eabbc65e,dataset/phishing/phishing.csv,44
1119,1,2886edba50be159e,dataset/phishing/phishing.csv,139
1120,1,3150b8595d54b4ec,dataset/phishing/phishing.csv,226
1121,1,8cf77dc1bf57b60b,dataset/phishing/phishing.csv,55
1122,1,4288a36485123e26,dataset/phishing/phishing_2024.csv,131
1123,1,5b4b0fdf2ccbb3e2,dataset/phishing/phishing.csv,72
1124,0,guzman-m/all_documents/1822.,dataset/legitimo/emails.csv,
1125,0,quenet-j/_sent_mail/28.,dataset/legitimo/emails.csv,
1126,1,3bd2c46a90e68e9f,dataset/phishing/phishing.csv,204
1127,1,917e16ee0b1db46b,dataset/phishing/phishing.csv,151
1128,1,589f0a1c5548a372,dataset/phishing/Nazario_5.csv,2727
1129,1,03bf34812dfc9f8b,dataset/phishing/Nazario_5.csv,1935
1130,1,dbb17613c446b869,dataset/phishing/phishing.csv,146
1131,1,3f0147bbcc224984,dataset/phishing/phishing.csv,85
1132,0,scott-s/deleted_items/336.,dataset/legitimo/emails.csv,
1133,0,smith-m/_sent_mail/88.,dataset/legitimo/emails.csv,
1134,1,9181a23d0c0b13ec,dataset/phishing/phishing_2024.csv,127
1135,0,giron-d/_sent_mail/275.,dataset/legitimo/emails.csv,
1136,1,275832025c1c200d,dataset/phishing/Nazario_5.csv,2415
1137,1,dc080d2eda5c373e,dataset/phishing/phishing.csv,181
1138,1,103dc0e08a8c92f8,dataset/phishing/phishing.csv,276
1139,1,349cb992aa7fc6e2,dataset/phishing/phishing_2024.csv,16
1140,0,dasovich-j/all_documents/1553.,dataset/legitimo/emails.csv,
1141,1,ccf3d7889e247243,dataset/phishing/Nazario_5.csv,1940
1142,0,stokley-c/chris_stokley/murray/29.,dataset/legitimo/emails.csv,
1143,1,d8955673f2d384a0,dataset/phishing/phishing.csv,102
1144,0,blair-l/deleted_items/151.,dataset/legitimo/emails.csv,
1145,1,57ce36b69a6fc1dd,dataset/phishing/phishing_2024.csv,349
1146,0,parks-j/deleted_items/390.,dataset/legitimo/emails.csv,
1147,1,d9ad5b7a598ba317,dataset/phishing/phishing.csv,107
1148,1,7e538cba78aa5f56,dataset/phishing/phishing_2024.csv,3
1149,1,12bd7c7c82d3cb4a,dataset/phishing/phishing.csv,79
1150,0,jones-t/all_documents/3548.,dataset/legitimo/emails.csv,
1151,0,jones-t/all_documents/5068.,dataset/legitimo/emails.csv,
1152,1,a1d3fa74a4291e1a,dataset/phishing/Nazario_5.csv,2617
1153,0,mann-k/_sent_mail/312.,dataset/legitimo/emails.csv,
1154,0,germany-c/sent_items/544.,dataset/legitimo/emails.csv,
1155,0,baughman-d/all_documents/221.,dataset/legitimo/emails.csv,
1156,1,5d6fd6a7e26edc6b,dataset/phishing/phishing_2024.csv,378
1157,1,8c66ec46911a7749,dataset/phishing/Nazario_5.csv,1872
1158,1,36cf45fc6efee212,dataset/phishing/phishing.csv,436
1159,1,56f837afbbc8ce60,dataset/phishing/phishing.csv,260
1160,0,fossum-d/_sent_mail/916.,dataset/legitimo/emails.csv,
1161,1,8ec6de192e58bfa9,dataset/phishing/phishing.csv,303
1162,0,mann-k/all_documents/5911.,dataset/legitimo/emails.csv,
1163,1,31e7538c47a2d419,dataset/phishing/phishing.csv,127
1164,0,mann-k/_sent_mail/3059.,dataset/legitimo/emails.csv,
1165,1,1b4c3525491740f1,dataset/phishing/phishing_2024.csv,271
1166,1,32e39c4a94a30d84,dataset/phishing/phishing.csv,278
1167,0,dasovich-j/all_documents/28512.,dataset/legitimo/emails.csv,
1168,0,nemec-g/all_documents/536.,dataset/legitimo/emails.csv,
1169,1,075b1e5b1d69f987,dataset/phishing/phishing.csv,99
1170,1,3aa5049260c8e0b0,dataset/phishing/phishing.csv,35
1171,0,townsend-j/_sent_mail/20.,dataset/legitimo/emails.csv,
1172,0,dasovich-j/all_documents/2774.,dataset/legitimo/emails.csv,
1173,1,092ae2d8a4dec7c4,dataset/phishing/phishing_2024.csv,19
1174,1,88d1d39d9ee324b6,dataset/phishing/phishing_2024.csv,324
1175,0,williams-w3/bill_williams_iii/1022.,dataset/legitimo/emails.csv,
1176,0,presto-k/deleted_items/1538.,dataset/legitimo/emails.csv,
1177,1,7c4646c0895ac127,dataset/phishing/phishing.csv,0
1178,0,campbell-l/_sent_mail/14.,dataset/legitimo/emails.csv,
1179,0,kean-s/all_documents/592.,dataset/legitimo/emails.csv,
1180,0,dean-c/all_documents/249.,dataset/legitimo/emails.csv,
1181,0,lenhart-m/sent_items/266.,dataset/legitimo/emails.csv,
1182,1,29c4395103f0a899,dataset/phishing/phishing.csv,87
1183,0,guzman-m/all_documents/1625.,dataset/legitimo/emails.csv,
1184,1,c835ca8efd302034,dataset/phishing/phishing_2024.csv,275
1185,0,brawner-s/_sent_mail/12.,dataset/legitimo/emails.csv,
1186,0,beck-s/all_documents/2553.,dataset/legitimo/emails.csv,
1187,1,0c3dbca2239482da,dataset/phishing/phishing_2024.csv,386
1188,0,zufferli-j/deleted_items/1.,dataset/legitimo/emails.csv,
1189,0,symes-k/all_documents/810.,dataset/legitimo/emails.csv,
1190,0,scholtes-d/inbox/4.,dataset/legitimo/emails.csv,
1191,0,farmer-d/all_documents/3161.,dataset/legitimo/emails.csv,
1192,1,6558b12ab9472ba2,dataset/phishing/phishing.csv,453
1193,0,rogers-b/all_documents/444.,dataset/legitimo/emails.csv,
1194,0,rogers-b/all_documents/1692.,dataset/legitimo/emails.csv,
1195,0,allen-p/inbox/7.,dataset/legitimo/emails.csv,
1196,1,56666093f4271e1e,dataset/phishing/phishing.csv,109
1197,1,4fc93709f5b96e83,dataset/phishing/phishing_2024.csv,289
1198,0,maggi-m/deleted_items/1264.,dataset/legitimo/emails.csv,
1199,1,e7cf6c6d1525b98d,dataset/phishing/Nazario_5.csv,1991
1200,1,6b6e2d2635c30e1f,dataset/phishing/phishing.csv,66
1201,1,44ab572de00d0fa5,dataset/phishing/Nazario_5.csv,1579
1202,0,brawner-s/deleted_items/206.,dataset/legitimo/emails.csv,
1203,1,2f5e6ed09ddce218,dataset/phishing/phishing.csv,248
1204,1,7437cbb51076a849,dataset/phishing/phishing.csv,159
1205,0,dasovich-j/all_documents/2222.,dataset/legitimo/emails.csv,
1206,1,a8c27e6d15291795,dataset/phishing/phishing.csv,420
1207,0,taylor-m/all_documents/8136.,dataset/legitimo/emails.csv,
1208,0,hayslett-r/sent_items/445.,dataset/legitimo/emails.csv,
1209,0,smith-m/inbox/193.,dataset/legitimo/emails.csv,
1210,0,shankman-j/deleted_items/863.,dataset/legitimo/emails.csv,
1211,0,farmer-d/all_documents/2470.,dataset/legitimo/emails.csv,
1212,0,shackleton-s/all_documents/10444.,dataset/legitimo/emails.csv,
1213,1,076c672366d33cdb,dataset/phishing/phishing.csv,9
1214,1,190fb45b588ecb38,dataset/phishing/phishing_2024.csv,20
1215,1,4aa4501060a1a01e,dataset/phishing/phishing_2024.csv,315
1216,1,794150524cb005c2,dataset/phishing/phishing.csv,289
1217,1,dbe0684f02afe7e7,dataset/phishing/Nazario_5.csv,1858
1218,1,909797f917dfbec0,dataset/phishing/phishing.csv,437
1219,1,246be0118a97f774,dataset/phishing/Nazario_5.csv,1750
1220,1,f418f0986a90d767,dataset/phishing/Nazario_5.csv,2493
1221,0,hain-m/all_documents/960.,dataset/legitimo/emails.csv,
1222,0,scott-s/_sent_mail/471.,dataset/legitimo/emails.csv,
1223,1,11f6fd693892ee02,dataset/phishing/phishing_2024.csv,31
1224,0,hayslett-r/deleted_items/242.,dataset/legitimo/emails.csv,
1225,0,mann-k/_sent_mail/164.,dataset/legitimo/emails.csv,
1226,0,kean-s/all_documents/5957.,dataset/legitimo/emails.csv,
1227,1,aaf5bce667a7e4b3,dataset/phishing/Nazario_5.csv,2005
1228,1,a5779e3c782f5d4f,dataset/phishing/phishing_2024.csv,75
1229,1,28987236d5317256,dataset/phishing/phishing_2024.csv,351
1230,0,dasovich-j/all_documents/2930.,dataset/legitimo/emails.csv,
1231,1,829a8a682055700c,dataset/phishing/Nazario_5.csv,2659
1232,1,0eb2146a9f7f8b47,dataset/phishing/phishing_2024.csv,341
1233,1,2c831b7c1db5691a,dataset/phishing/phishing_2024.csv,125
1234,0,taylor-m/inbox/251.,dataset/legitimo/emails.csv,
1235,1,02cec0d995d021c3,dataset/phishing/phishing_2024.csv,303
1236,0,campbell-l/sent_items/96.,dataset/legitimo/emails.csv,
1237,0,scott-s/_sent_mail/462.,dataset/legitimo/emails.csv,
1238,0,jones-t/all_documents/2773.,dataset/legitimo/emails.csv,
1239,0,ermis-f/all_documents/194.,dataset/legitimo/emails.csv,
1240,1,6c0bd8eb019703e4,dataset/phishing/phishing.csv,419
1241,1,72b062129396c549,dataset/phishing/phishing_2024.csv,265
1242,0,mann-k/_sent_mail/2436.,dataset/legitimo/emails.csv,
1243,1,8eae1989963222d2,dataset/phishing/phishing.csv,402
1244,1,4f9c0903cf29319e,dataset/phishing/Nazario_5.csv,2411
1245,1,63dd48fa35557325,dataset/phishing/phishing_2024.csv,399
1246,1,afe4ee5f18f64b99,dataset/phishing/phishing_2024.csv,345
1247,0,shackleton-s/all_documents/565.,dataset/legitimo/emails.csv,
1248,1,c8636dae554d5c0d,dataset/phishing/Nazario_5.csv,2560
1249,0,nemec-g/all_documents/6194.,dataset/legitimo/emails.csv,
1250,0,kaminski-v/_sent_mail/1857.,dataset/legitimo/emails.csv,
1251,0,mann-k/_sent_mail/923.,dataset/legitimo/emails.csv,
1252,0,kaminski-v/_sent_mail/2426.,dataset/legitimo/emails.csv,
1253,0,campbell-l/all_documents/1517.,dataset/legitimo/emails.csv,
1254,0,pereira-s/inbox/49.,dataset/legitimo/emails.csv,
1255,0,rodrique-r/_sent_mail/151.,dataset/legitimo/emails.csv,
1256,0,giron-d/all_documents/45.,dataset/legitimo/emails.csv,
1257,0,farmer-d/all_documents/3056.,dataset/legitimo/emails.csv,
1258,1,54e51af2a162bbcb,dataset/phishing/Nazario_5.csv,2417
1259,1,5e3ffd804f96209a,dataset/phishing/phishing.csv,84
1260,0,dasovich-j/all_documents/41.,dataset/legitimo/emails.csv,
1261,1,5f80fc1ae059d824,dataset/phishing/Nazario_5.csv,2211
1262,0,mann-k/_sent_mail/840.,dataset/legitimo/emails.csv,
1263,1,c2c3cb3219abcf69,dataset/phishing/phishing_2024.csv,269
1264,0,campbell-l/all_documents/1546.,dataset/legitimo/emails.csv,
1265,1,a58560155956f7c6,dataset/phishing/phishing.csv,61
1266,1,6f89d38c5d4e35c9,dataset/phishing/phishing.csv,147
1267,0,dasovich-j/all_documents/4618.,dataset/legitimo/emails.csv,
1268,1,2bb2994cfd4eb822,dataset/phishing/Nazario_5.csv,1857
1269,0,shackleton-s/inbox/1064.,dataset/legitimo/emails.csv,
1270,1,4cf25732197bad78,dataset/phishing/Nazario_5.csv,1970
1271,0,dasovich-j/all_documents/2485.,dataset/legitimo/emails.csv,
1272,1,7bda76af30646dab,dataset/phishing/phishing_2024.csv,78
1273,0,heard-m/inbox/master_netting/171.,dataset/legitimo/emails.csv,
1274,1,6d748346ade2be04,dataset/phishing/phishing.csv,391
1275,1,f88770ca024a2a3b,dataset/phishing/phishing.csv,434
1276,0,kaminski-v/sent_items/2299.,dataset/legitimo/emails.csv,
1277,1,21daf7afb65e0ba0,dataset/phishing/Nazario_5.csv,2476
1278,1,4a46a86d223ab613,dataset/phishing/Nazario_5.csv,1562
1279,0,mann-k/_sent_mail/2486.,dataset/legitimo/emails.csv,
1280,1,cb89bf913ea309b9,dataset/phishing/phishing_2024.csv,46
1281,0,ermis-f/inbox/150.,dataset/legitimo/emails.csv,
1282,0,shackleton-s/all_documents/11513.,dataset/legitimo/emails.csv,
1283,0,kitchen-l/_americas/portland/26.,dataset/legitimo/emails.csv,
1284,1,1a851caccbfa6627,dataset/phishing/phishing_2024.csv,249
1285,1,d0d5b7984f233389,dataset/phishing/phishing.csv,189
1286,0,bailey-s/deleted_items/67.,dataset/legitimo/emails.csv,
1287,1,00fde7ccc0534f61,dataset/phishing/phishing.csv,40
1288,1,7902bd94dc7c5df5,dataset/phishing/phishing_2024.csv,320
1289,1,1d057e5f0a40e03c,dataset/phishing/phishing.csv,95
1290,0,shankman-j/deleted_items/56.,dataset/legitimo/emails.csv,
1291,0,taylor-m/all_documents/8462.,dataset/legitimo/emails.csv,
1292,1,d209d36510809bef,dataset/phishing/Nazario_5.csv,2602
1293,0,kaminski-v/all_documents/5659.,dataset/legitimo/emails.csv,
1294,0,jones-t/all_documents/742.,dataset/legitimo/emails.csv,
1295,0,kaminski-v/_sent_mail/2064.,dataset/legitimo/emails.csv,
1296,0,rogers-b/_sent_mail/17.,dataset/legitimo/emails.csv,
1297,0,mann-k/_sent_mail/1683.,dataset/legitimo/emails.csv,
1298,0,farmer-d/all_documents/1824.,dataset/legitimo/emails.csv,
1299,1,b69b1a004d7fbe02,dataset/phishing/phishing_2024.csv,73
1300,1,3545c1de256b416e,dataset/phishing/phishing.csv,381
1301,0,hain-m/all_documents/835.,dataset/legitimo/emails.csv,
1302,1,4e3cd1bd03c02cb6,dataset/phishing/phishing.csv,29
1303,0,tholt-j/_sent_mail/35.,dataset/legitimo/emails.csv,
1304,0,campbell-l/all_documents/408.,dataset/legitimo/emails.csv,
1305,0,mckay-b/_sent_mail/2.,dataset/legitimo/emails.csv,
1306,1,a7c78ffac9e90c47,dataset/phishing/Nazario_5.csv,1581
1307,1,f79ff536a291c53d,dataset/phishing/phishing.csv,186
1308,0,stclair-c/all_documents/2477.,dataset/legitimo/emails.csv,
1309,0,white-s/meetings/509.,dataset/legitimo/emails.csv,
1310,0,taylor-m/all_documents/303.,dataset/legitimo/emails.csv,
1311,0,whalley-l/all_documents/564.,dataset/legitimo/emails.csv,
1312,1,c7e66473e3660a75,dataset/phishing/Nazario_5.csv,2848
1313,1,a9b50f2e131d8454,dataset/phishing/phishing_2024.csv,64
1314,1,3faaabf0bd0a319b,dataset/phishing/Nazario_5.csv,2950
1315,0,fossum-d/all_documents/1056.,dataset/legitimo/emails.csv,
1316,0,dorland-c/all_documents/289.,dataset/legitimo/emails.csv,
1317,1,da25ac938d44a965,dataset/phishing/phishing_2024.csv,176
1318,1,c3ddd003cd5ddf43,dataset/phishing/phishing_2024.csv,362
1319,1,e5b5e166257a4421,dataset/phishing/phishing_2024.csv,254
1320,1,df8b9e756de16f7f,dataset/phishing/phishing.csv,259
1321,1,5bcc8a4f65e7e6a6,dataset/phishing/phishing_2024.csv,342
1322,0,bass-e/inbox/76.,dataset/legitimo/emails.csv,
1323,0,horton-s/all_documents/117.,dataset/legitimo/emails.csv,
1324,0,lay-k/all_documents/873.,dataset/legitimo/emails.csv,
1325,0,kean-s/all_documents/5375.,dataset/legitimo/emails.csv,
1326,0,mcconnell-m/_sent_mail/206.,dataset/legitimo/emails.csv,
1327,0,beck-s/deleted_items/144.,dataset/legitimo/emails.csv,
1328,1,d5c3d8c35b667981,dataset/phishing/Nazario_5.csv,2457
1329,0,beck-s/all_documents/2359.,dataset/legitimo/emails.csv,
1330,0,kean-s/all_documents/5105.,dataset/legitimo/emails.csv,
1331,1,a82cb5a565545c38,dataset/phishing/phishing.csv,114
1332,0,perlingiere-d/all_documents/205.,dataset/legitimo/emails.csv,
1333,1,3f191434f53502c0,dataset/phishing/phishing_2024.csv,154
1334,0,salisbury-h/inbox/849.,dataset/legitimo/emails.csv,
1335,0,taylor-m/all_documents/215.,dataset/legitimo/emails.csv,
1336,1,7ad0572b3c46f241,dataset/phishing/Nazario_5.csv,3030
1337,1,91db4d15fd382f39,dataset/phishing/Nazario_5.csv,2941
1338,0,taylor-m/deleted_items/511.,dataset/legitimo/emails.csv,
1339,0,presto-k/deleted_items/494.,dataset/legitimo/emails.csv,
1340,0,mann-k/_sent_mail/2552.,dataset/legitimo/emails.csv,
1341,0,farmer-d/all_documents/1280.,dataset/legitimo/emails.csv,
1342,1,6d11df89ccfe14b4,dataset/phishing/Nazario_5.csv,2354
1343,0,horton-s/_sent_mail/179.,dataset/legitimo/emails.csv,
1344,1,c16546c23fa46e04,dataset/phishing/Nazario_5.csv,1628
1345,1,9dc2c1ffb6f8e937,dataset/phishing/phishing_2024.csv,344
1346,1,e48a3b59cf5b2e3e,dataset/phishing/phishing_2024.csv,325
1347,1,38dbae11104c1307,dataset/phishing/phishing_2024.csv,25
1348,1,4c0340bb25e33a1f,dataset/phishing/phishing.csv,300
1349,1,ed0aa891dd22ea3f,dataset/phishing/phishing.csv,80
1350,0,blair-l/meetings/265.,dataset/legitimo/emails.csv,
1351,1,44344132ba48ecf1,dataset/phishing/phishing_2024.csv,13
1352,1,0e0bcbb9228e9510,dataset/phishing/phishing.csv,443
1353,1,ab40a2d629ee9858,dataset/phishing/phishing.csv,194
1354,0,germany-c/_sent_mail/1198.,dataset/legitimo/emails.csv,
1355,0,lenhart-m/all_documents/786.,dataset/legitimo/emails.csv,
1356,0,nemec-g/inbox/146.,dataset/legitimo/emails.csv,
1357,0,nemec-g/all_documents/5632.,dataset/legitimo/emails.csv,
1358,1,f24c8c6e018935d3,dataset/phishing/phishing_2024.csv,184
1359,1,c673c1f61e9f3788,dataset/phishing/phishing.csv,65
1360,0,lokay-m/corporate/640.,dataset/legitimo/emails.csv,
1361,1,98ec11e0a2fee3b3,dataset/phishing/Nazario_5.csv,2225
1362,0,sager-e/inbox/352.,dataset/legitimo/emails.csv,
1363,0,reitmeyer-j/deleted_items/107.,dataset/legitimo/emails.csv,
1364,1,74770f08c7de975b,dataset/phishing/phishing.csv,319
1365,1,8c7df082d69eb1a8,dataset/phishing/phishing.csv,38
1366,0,lokay-m/all_documents/12.,dataset/legitimo/emails.csv,
1367,1,d50fa4ba27aec514,dataset/phishing/phishing_2024.csv,260
1368,0,shackleton-s/all_documents/3496.,dataset/legitimo/emails.csv,
1369,0,perlingiere-d/all_documents/2493.,dataset/legitimo/emails.csv,
1370,1,aa618df8e00c8afa,dataset/phishing/Nazario_5.csv,2699
1371,0,campbell-l/_sent_mail/133.,dataset/legitimo/emails.csv,
1372,1,ead0a36e716caef5,dataset/phishing/phishing_2024.csv,350
1373,1,144c564fe0517426,dataset/phishing/phishing.csv,212
1374,1,78fabe6b9d30b81c,dataset/phishing/Nazario_5.csv,2180
1375,1,0c35e4d6236fcf9b,dataset/phishing/phishing_2024.csv,27
1376,1,0c0d9ba1f63d73be,dataset/phishing/phishing_2024.csv,273
1377,1,4cc897f29be8b99e,dataset/phishing/phishing_2024.csv,376
1378,0,campbell-l/all_documents/223.,dataset/legitimo/emails.csv,
1379,0,shackleton-s/sent_items/721.,dataset/legitimo/emails.csv,
1380,1,91c5a76b20b937e5,dataset/phishing/phishing_2024.csv,337
1381,1,21810adb0d06faf7,dataset/phishing/phishing.csv,461
1382,0,nemec-g/all_documents/5473.,dataset/legitimo/emails.csv,
1383,1,7b425c329065122a,dataset/phishing/Nazario_5.csv,2014
1384,0,kean-s/aadepartment/24.,dataset/legitimo/emails.csv,
1385,1,a0134199c5f850c1,dataset/phishing/phishing_2024.csv,207
1386,1,8c4fb9f0c997b7ce,dataset/phishing/phishing.csv,123
1387,1,dedc1983168e46f8,dataset/phishing/phishing.csv,466
1388,0,taylor-m/all_documents/950.,dataset/legitimo/emails.csv,
1389,1,603eb3d4263e183f,dataset/phishing/Nazario_5.csv,2938
1390,1,c8e703b90070766f,dataset/phishing/phishing_2024.csv,194
1391,0,kitchen-l/sent_items/773.,dataset/legitimo/emails.csv,
1392,1,77b0acd8f45fff72,dataset/phishing/phishing.csv,94
1393,1,70766014a7da7c4a,dataset/phishing/Nazario_5.csv,2192
1394,0,guzman-m/_sent_mail/82.,dataset/legitimo/emails.csv,
1395,0,jones-t/all_documents/9461.,dataset/legitimo/emails.csv,
1396,1,fcd7ac75492dc0b4,dataset/phishing/phishing_2024.csv,367
1397,1,06f13c797f36627f,dataset/phishing/phishing_2024.csv,71
1398,0,lavorato-j/inbox/340.,dataset/legitimo/emails.csv,
1399,0,stepenovitch-j/inbox/113.,dataset/legitimo/emails.csv,
1400,1,4324105a4aa73610,dataset/phishing/phishing.csv,11
1401,1,84092348865897ed,dataset/phishing/phishing.csv,444
1402,1,427fcab2ea854214,dataset/phishing/phishing.csv,325
1403,0,beck-s/all_documents/1962.,dataset/legitimo/emails.csv,
1404,0,guzman-m/_sent_mail/195.,dataset/legitimo/emails.csv,
1405,0,shapiro-r/deleted_items/738.,dataset/legitimo/emails.csv,
1406,1,9931b4e16c2cfa8c,dataset/phishing/phishing_2024.csv,294
1407,0,arnold-j/_sent_mail/547.,dataset/legitimo/emails.csv,
1408,0,campbell-l/all_documents/1541.,dataset/legitimo/emails.csv,
1409,1,bd90b270313b063d,dataset/phishing/phishing_2024.csv,290
1410,1,50315841001b108c,dataset/phishing/Nazario_5.csv,2153
1411,1,bd9984a8fc1224f7,dataset/phishing/phishing.csv,174
1412,1,4d9fbe56188edc66,dataset/phishing/Nazario_5.csv,1530
1413,0,guzman-m/_sent_mail/29.,dataset/legitimo/emails.csv,
1414,1,638c5dd084eab18b,dataset/phishing/phishing.csv,292
1415,1,286eaa8fca2e002e,dataset/phishing/phishing.csv,378
1416,0,delainey-d/_sent_mail/145.,dataset/legitimo/emails.csv,
1417,0,mann-k/_sent_mail/2990.,dataset/legitimo/emails.csv,
1418,1,2c32e36d399e0188,dataset/phishing/phishing_2024.csv,91
1419,0,kaminski-v/inbox/705.,dataset/legitimo/emails.csv,
1420,0,kaminski-v/all_documents/2516.,dataset/legitimo/emails.csv,
1421,1,4447708bafc5edb1,dataset/phishing/phishing_2024.csv,384
1422,0,farmer-d/all_documents/4544.,dataset/legitimo/emails.csv,
1423,1,d1e3af4e5d6472f0,dataset/phishing/phishing_2024.csv,377
1424,0,perlingiere-d/all_documents/261.,dataset/legitimo/emails.csv,
1425,0,blair-l/deleted_items/276.,dataset/legitimo/emails.csv,
1426,0,zufferli-j/sent_items/212.,dataset/legitimo/emails.csv,
1427,0,kaminski-v/_sent_mail/1051.,dataset/legitimo/emails.csv,
1428,1,cae24a4fc4778119,dataset/phishing/phishing_2024.csv,104
1429,1,981794a1ccc305de,dataset/phishing/phishing.csv,23
1430,1,c5cebb80ad2ef6cc,dataset/phishing/phishing.csv,401
1431,0,jones-t/all_documents/9711.,dataset/legitimo/emails.csv,
1432,0,keiser-k/inbox/322.,dataset/legitimo/emails.csv,
1433,0,germany-c/_sent_mail/621.,dataset/legitimo/emails.csv,
1434,1,07e3c1aba8b78372,dataset/phishing/phishing.csv,383
1435,1,3b15b8fac6ac08ca,dataset/phishing/phishing_2024.csv,0
1436,1,aab7c0f163172048,dataset/phishing/phishing_2024.csv,44
1437,1,2e2c190a22442f57,dataset/phishing/phishing.csv,240
1438,1,f77b8a0cf3f1c9bd,dataset/phishing/Nazario_5.csv,2872
1439,0,farmer-d/_sent_mail/762.,dataset/legitimo/emails.csv,
1440,0,rogers-b/_sent_mail/848.,dataset/legitimo/emails.csv,
1441,0,hain-m/all_documents/1273.,dataset/legitimo/emails.csv,
1442,0,mann-k/_sent_mail/401.,dataset/legitimo/emails.csv,
1443,1,ca8ecea86cd30e92,dataset/phishing/phishing.csv,98
1444,0,nemec-g/all_documents/4648.,dataset/legitimo/emails.csv,
1445,0,stclair-c/all_documents/2881.,dataset/legitimo/emails.csv,
1446,0,jones-t/all_documents/2547.,dataset/legitimo/emails.csv,
1447,0,sanders-r/all_documents/2040.,dataset/legitimo/emails.csv,
1448,0,baughman-d/deleted_items/394.,dataset/legitimo/emails.csv,
1449,1,2c792a205b431e8e,dataset/phishing/phishing_2024.csv,302
1450,0,mann-k/_sent_mail/3644.,dataset/legitimo/emails.csv,
1451,1,2e51e4e7c4ac03cd,dataset/phishing/Nazario_5.csv,2246
1452,1,11e69976047a43c7,dataset/phishing/phishing.csv,168
1453,0,kaminski-v/sent_items/873.,dataset/legitimo/emails.csv,
1454,0,kaminski-v/deleted_items/2260.,dataset/legitimo/emails.csv,
1455,0,symes-k/_sent_mail/1257.,dataset/legitimo/emails.csv,
1456,1,a75914c12eeafeeb,dataset/phishing/Nazario_5.csv,2036
1457,1,d68a83ac24ca71a4,dataset/phishing/phishing_2024.csv,167
1458,1,0fbd0fd840642d05,dataset/phishing/phishing_2024.csv,309
1459,0,bass-e/all_documents/457.,dataset/legitimo/emails.csv,
1460,0,kean-s/all_documents/383.,dataset/legitimo/emails.csv,
1461,0,smith-m/_sent_mail/17.,dataset/legitimo/emails.csv,
1462,0,farmer-d/all_documents/3074.,dataset/legitimo/emails.csv,
1463,1,86d188394f0ab89f,dataset/phishing/phishing_2024.csv,60
1464,1,2cee8185395d0d6d,dataset/phishing/phishing_2024.csv,145
1465,0,mckay-b/_sent_mail/7.,dataset/legitimo/emails.csv,
1466,0,arnold-j/deleted_items/484.,dataset/legitimo/emails.csv,
1467,1,70c042f2f79e5d58,dataset/phishing/Nazario_5.csv,2479
1468,1,f068df70a636bcf6,dataset/phishing/phishing_2024.csv,87
1469,1,4c26bc7dc9ba5d1a,dataset/phishing/phishing_2024.csv,229
1470,0,farmer-d/all_documents/2068.,dataset/legitimo/emails.csv,
1471,0,kaminski-v/sent_items/217.,dataset/legitimo/emails.csv,
1472,0,lokay-m/tw_commercial_group/1265.,dataset/legitimo/emails.csv,
1473,0,shackleton-s/all_documents/2993.,dataset/legitimo/emails.csv,
1474,1,91923edfaca7d90c,dataset/phishing/Nazario_5.csv,2606
1475,1,7266635e0b6c8bef,dataset/phishing/phishing.csv,126
1476,1,16f1a7d6ec638c19,dataset/phishing/phishing_2024.csv,352
1477,0,wolfe-j/all_documents/97.,dataset/legitimo/emails.csv,
1478,0,nemec-g/all_documents/735.,dataset/legitimo/emails.csv,
1479,1,9d1cf0f2742c40c5,dataset/phishing/Nazario_5.csv,3043
1480,1,82ccf1ec4262cd88,dataset/phishing/phishing.csv,129
1481,1,04d619634a57d94b,dataset/phishing/phishing_2024.csv,253
1482,0,dasovich-j/all_documents/2827.,dataset/legitimo/emails.csv,
1483,1,62d1038e50d2661f,dataset/phishing/phishing_2024.csv,231
1484,1,88bd88c449ddef5d,dataset/phishing/phishing.csv,416
1485,1,9456feffb1ee795c,dataset/phishing/phishing.csv,304
1486,1,7bc1c992d6fe9f1f,dataset/phishing/phishing_2024.csv,252
1487,1,280c0d8d899de5e0,dataset/phishing/Nazario_5.csv,2716
1488,1,4e40772ca0330e3b,dataset/phishing/Nazario_5.csv,3042
1489,1,b571c36a5206e752,dataset/phishing/Nazario_5.csv,2485
1490,1,764152480cd6be4d,dataset/phishing/phishing.csv,48
1491,0,heard-m/deleted_items/44.,dataset/legitimo/emails.csv,
1492,0,brawner-s/inbox/20.,dataset/legitimo/emails.csv,
1493,1,410555011accf944,dataset/phishing/Nazario_5.csv,1837
1494,1,1c482c533f364df0,dataset/phishing/Nazario_5.csv,2903
1495,1,40cebb9ef36649d4,dataset/phishing/phishing_2024.csv,389
1496,0,presto-k/deleted_items/540.,dataset/legitimo/emails.csv,
1497,0,kaminski-v/all_documents/4354.,dataset/legitimo/emails.csv,
1498,1,57fd48ba0be112a2,dataset/phishing/phishing.csv,4
1499,0,sanders-r/all_documents/1699.,dataset/legitimo/emails.csv,
1500,0,bass-e/all_documents/395.,dataset/legitimo/emails.csv,
1501,1,94bb2b31877142cf,dataset/phishing/phishing.csv,299
1502,0,kaminski-v/_sent_mail/1454.,dataset/legitimo/emails.csv,
1503,0,shankman-j/all_documents/902.,dataset/legitimo/emails.csv,
1504,1,08757f78a441be12,dataset/phishing/phishing_2024.csv,12
1505,0,neal-s/_sent_mail/417.,dataset/legitimo/emails.csv,
1506,0,skilling-j/all_documents/1500.,dataset/legitimo/emails.csv,
1507,1,3a5fa04619072eef,dataset/phishing/Nazario_5.csv,1725
1508,0,jones-t/all_documents/2479.,dataset/legitimo/emails.csv,
1509,1,9c890ddd147fe714,dataset/phishing/phishing.csv,345
1510,0,cash-m/deleted_items/314.,dataset/legitimo/emails.csv,
1511,0,kaminski-v/_sent_mail/3994.,dataset/legitimo/emails.csv,
1512,1,29bd381ac03bb58f,dataset/phishing/phishing.csv,354
1513,1,f26a203e36e1e0c9,dataset/phishing/phishing.csv,163
1514,0,kaminski-v/all_documents/2757.,dataset/legitimo/emails.csv,
1515,0,jones-t/all_documents/10672.,dataset/legitimo/emails.csv,
1516,1,e4d27bf28b64af47,dataset/phishing/phishing_2024.csv,161
1517,1,d9450a45977cdd83,dataset/phishing/phishing.csv,53
1518,0,tycholiz-b/sent_items/248.,dataset/legitimo/emails.csv,
1519,1,42ac95004504ccf5,dataset/phishing/phishing_2024.csv,335
1520,1,f5688c49e606b882,dataset/phishing/Nazario_5.csv,2801
1521,0,salisbury-h/inbox/335.,dataset/legitimo/emails.csv,
1522,0,symes-k/all_documents/587.,dataset/legitimo/emails.csv,
1523,0,jones-t/all_documents/1928.,dataset/legitimo/emails.csv,
1524,1,238844559a535b79,dataset/phishing/phishing_2024.csv,41
1525,1,69e1eab03c575ab6,dataset/phishing/Nazario_5.csv,2092
1526,1,3cefb2857ce5e442,dataset/phishing/phishing_2024.csv,250
1527,1,83bd399821d056f6,dataset/phishing/phishing.csv,447
1528,1,0e16ffb55ff7dbe0,dataset/phishing/phishing_2024.csv,86
1529,1,98bcccfcf4269a55,dataset/phishing/phishing.csv,361
1530,1,ee194ddf5f1289f8,dataset/phishing/phishing.csv,20
1531,1,fbc48c16252cdd11,dataset/phishing/phishing_2024.csv,285
1532,1,30aa340b8035d0e8,dataset/phishing/phishing.csv,37
1533,1,2a43b74fcb59632c,dataset/phishing/Nazario_5.csv,1932
1534,0,gay-r/_sent_mail/13.,dataset/legitimo/emails.csv,
1535,1,2c6103cb5da2d122,dataset/phishing/Nazario_5.csv,1673
1536,0,mann-k/_sent_mail/1090.,dataset/legitimo/emails.csv,
1537,1,5a5f9bef5952507d,dataset/phishing/phishing.csv,456
1538,1,43a596fd9d663f51,dataset/phishing/Nazario_5.csv,1646
1539,1,9a254b54bb566c8f,dataset/phishing/phishing_2024.csv,122
1540,1,604a7563150da3fa,dataset/phishing/phishing_2024.csv,374
1541,0,nemec-g/all_documents/5917.,dataset/legitimo/emails.csv,
1542,0,keavey-p/all_documents/19.,dataset/legitimo/emails.csv,
1543,0,kaminski-v/all_documents/488.,dataset/legitimo/emails.csv,
1544,1,ddc0075b96d49dd4,dataset/phishing/phishing.csv,273
1545,0,allen-p/_sent_mail/318.,dataset/legitimo/emails.csv,
1546,0,shackleton-s/all_documents/532.,dataset/legitimo/emails.csv,
1547,1,a5e3d83278822795,dataset/phishing/phishing_2024.csv,400
1548,0,griffith-j/deleted_items/249.,dataset/legitimo/emails.csv,
1549,1,d060887bf6ef1b0f,dataset/phishing/phishing_2024.csv,62
1550,1,79333e1cc7c52e8e,dataset/phishing/phishing.csv,169
1551,1,7c45b841e5b1e15e,dataset/phishing/Nazario_5.csv,1690
1552,1,06b1222126fda441,dataset/phishing/Nazario_5.csv,2355
1553,0,mcconnell-m/_sent_mail/644.,dataset/legitimo/emails.csv,
1554,1,57652c52a0d4830d,dataset/phishing/phishing_2024.csv,219
1555,1,8eca9af104808e04,dataset/phishing/phishing_2024.csv,286
1556,0,steffes-j/sent_items/126.,dataset/legitimo/emails.csv,
1557,1,88195f2a1421f3b9,dataset/phishing/phishing_2024.csv,155
1558,0,symes-k/all_documents/3220.,dataset/legitimo/emails.csv,
1559,1,11146bf06a302226,dataset/phishing/phishing.csv,18
1560,1,2ef80deedf4b9ca9,dataset/phishing/phishing.csv,141
1561,0,kaminski-v/_sent_mail/2212.,dataset/legitimo/emails.csv,
1562,0,lay-k/all_documents/739.,dataset/legitimo/emails.csv,
1563,0,kean-s/all_documents/1229.,dataset/legitimo/emails.csv,
1564,1,611ec234c1f58e35,dataset/phishing/Nazario_5.csv,1830
1565,1,417fb3a10f161325,dataset/phishing/Nazario_5.csv,1544
1566,0,heard-m/sent_items/238.,dataset/legitimo/emails.csv,
1567,1,f492d5fa0b208443,dataset/phishing/phishing.csv,211
1568,0,symes-k/_sent_mail/112.,dataset/legitimo/emails.csv,
1569,1,d32f93a431696d34,dataset/phishing/Nazario_5.csv,1927
1570,0,davis-d/2_trash/candis/13.,dataset/legitimo/emails.csv,
1571,0,mann-k/_sent_mail/4052.,dataset/legitimo/emails.csv,
1572,1,ca4f0e4d688d0dd4,dataset/phishing/phishing_2024.csv,196
1573,1,39d245442e24d484,dataset/phishing/phishing.csv,198
1574,1,4d0f7e54f23c1a21,dataset/phishing/phishing.csv,342
1575,1,59ba91b630133be9,dataset/phishing/phishing_2024.csv,69
1576,0,mann-k/_sent_mail/54.,dataset/legitimo/emails.csv,
1577,0,hernandez-j/inbox/36.,dataset/legitimo/emails.csv,
1578,0,steffes-j/deleted_items/318.,dataset/legitimo/emails.csv,
1579,0,dasovich-j/all_documents/3385.,dataset/legitimo/emails.csv,
1580,1,718f9cc1783f1ed1,dataset/phishing/phishing_2024.csv,98
1581,0,hernandez-j/all_documents/330.,dataset/legitimo/emails.csv,
1582,0,beck-s/_sent_mail/485.,dataset/legitimo/emails.csv,
1583,1,f0bd527783a07286,dataset/phishing/phishing_2024.csv,47
1584,1,d43f30c084a3befd,dataset/phishing/phishing.csv,172
1585,0,beck-s/_sent_mail/493.,dataset/legitimo/emails.csv,
1586,0,blair-l/deleted_items/653.,dataset/legitimo/emails.csv,
1587,1,f3c24571f89a53c1,dataset/phishing/phishing.csv,17
1588,0,farmer-d/all_documents/3759.,dataset/legitimo/emails.csv,
1589,0,dasovich-j/all_documents/9768.,dataset/legitimo/emails.csv,
1590,0,rogers-b/all_documents/706.,dataset/legitimo/emails.csv,
1591,1,56303e3521561f28,dataset/phishing/phishing_2024.csv,132
1592,0,mann-k/_sent_mail/2235.,dataset/legitimo/emails.csv,
1593,1,977f1f15bcc7d5b9,dataset/phishing/phishing_2024.csv,255
1594,0,benson-r/inbox/3.,dataset/legitimo/emails.csv,
1595,0,hyvl-d/all_documents/882.,dataset/legitimo/emails.csv,
1596,0,blair-l/deleted_items/467.,dataset/legitimo/emails.csv,
1597,0,kitchen-l/sent_items/568.,dataset/legitimo/emails.csv,
1598,1,ade74fcac1f7a8c9,dataset/phishing/Nazario_5.csv,2838
1599,0,lavorato-j/all_documents/658.,dataset/legitimo/emails.csv,
1600,1,c1b3c6bf470dddc7,dataset/phishing/phishing.csv,324
1601,1,43082499bc8fccb7,dataset/phishing/Nazario_5.csv,2926
1602,0,germany-c/all_documents/2870.,dataset/legitimo/emails.csv,
1603,1,82b17a05a4b3245d,dataset/phishing/phishing.csv,250
1604,1,ad0b80d9bcec51cd,dataset/phishing/phishing.csv,27
1605,0,shankman-j/all_documents/138.,dataset/legitimo/emails.csv,
1606,1,4c5698ef4b4e0486,dataset/phishing/phishing_2024.csv,6
1607,0,jones-t/all_documents/2588.,dataset/legitimo/emails.csv,
1608,0,guzman-m/all_documents/1815.,dataset/legitimo/emails.csv,
1609,1,91a0df4bc8747845,dataset/phishing/phishing.csv,254
1610,1,5366ea88a69538e1,dataset/phishing/phishing.csv,39
1611,1,73f075b502945528,dataset/phishing/phishing_2024.csv,361
1612,0,taylor-m/all_documents/2691.,dataset/legitimo/emails.csv,
1613,0,jones-t/all_documents/5598.,dataset/legitimo/emails.csv,
1614,1,86c6af532e306b50,dataset/phishing/phishing_2024.csv,40
1615,0,farmer-d/all_documents/3954.,dataset/legitimo/emails.csv,
1616,0,neal-s/all_documents/54.,dataset/legitimo/emails.csv,
1617,1,da373710a8025a85,dataset/phishing/phishing_2024.csv,288
1618,0,jones-t/all_documents/8997.,dataset/legitimo/emails.csv,
1619,1,df1ea6b062f93882,dataset/phishing/phishing_2024.csv,235
1620,0,kaminski-v/_sent_mail/1542.,dataset/legitimo/emails.csv,
1621,0,allen-p/deleted_items/240.,dataset/legitimo/emails.csv,
1622,0,shackleton-s/deleted_items/334.,dataset/legitimo/emails.csv,
1623,0,baughman-d/all_documents/383.,dataset/legitimo/emails.csv,
1624,0,kaminski-v/_sent_mail/886.,dataset/legitimo/emails.csv,
1625,0,watson-k/sent_items/427.,dataset/legitimo/emails.csv,
1626,0,blair-l/meetings/484.,dataset/legitimo/emails.csv,
1627,0,mann-k/_sent_mail/4094.,dataset/legitimo/emails.csv,
1628,1,7bdac66db5c4b933,dataset/phishing/Nazario_5.csv,1531
1629,0,farmer-d/_sent_mail/628.,dataset/legitimo/emails.csv,
1630,1,0151d969c3864b20,dataset/phishing/phishing.csv,175
1631,1,ccd2740297c4f2d0,dataset/phishing/Nazario_5.csv,2745
1632,0,mann-k/inbox/35.,dataset/legitimo/emails.csv,
1633,1,97ce480b296adec9,dataset/phishing/Nazario_5.csv,2356
1634,0,donoho-l/sent_items/163.,dataset/legitimo/emails.csv,
1635,1,51d8d5b36c917cf1,dataset/phishing/Nazario_5.csv,2529
1636,1,52cb4955dffdfce7,dataset/phishing/Nazario_5.csv,2351
1637,1,a95841778e6c08db,dataset/phishing/phishing.csv,166
1638,0,kitchen-l/sent_items/639.,dataset/legitimo/emails.csv,
1639,0,symes-k/all_documents/3086.,dataset/legitimo/emails.csv,
1640,1,34a1b38468038cc1,dataset/phishing/phishing_2024.csv,84
1641,0,perlingiere-d/all_documents/405.,dataset/legitimo/emails.csv,
1642,0,germany-c/sent_items/798.,dataset/legitimo/emails.csv,
1643,0,nemec-g/all_documents/355.,dataset/legitimo/emails.csv,
1644,1,21c1cd1fac236a4e,dataset/phishing/phishing.csv,108
1645,0,lokay-m/all_documents/887.,dataset/legitimo/emails.csv,
1646,0,arnold-j/_sent_mail/549.,dataset/legitimo/emails.csv,
1647,1,6a35efa7e4731d44,dataset/phishing/phishing_2024.csv,175
1648,0,williams-w3/bill_williams_iii/248.,dataset/legitimo/emails.csv,
1649,0,sager-e/all_documents/134.,dataset/legitimo/emails.csv,
1650,1,6fb63f7db2206069,dataset/phishing/phishing.csv,56
1651,1,70cca098e2e01776,dataset/phishing/phishing.csv,165
1652,1,e7b390bea81eafc2,dataset/phishing/phishing.csv,451
1653,0,haedicke-m/all_documents/2220.,dataset/legitimo/emails.csv,
1654,1,ff12336aa0532c4e,dataset/phishing/phishing.csv,229
1655,0,kitchen-l/sent_items/539.,dataset/legitimo/emails.csv,
1656,0,schoolcraft-d/inbox/junk/317.,dataset/legitimo/emails.csv,
1657,0,jones-t/sent_items/211.,dataset/legitimo/emails.csv,
1658,1,8c1012ed5a956c1b,dataset/phishing/phishing.csv,8
1659,0,mann-k/_sent_mail/2674.,dataset/legitimo/emails.csv,
1660,0,guzman-m/all_documents/1480.,dataset/legitimo/emails.csv,
1661,0,love-p/_sent_mail/705.,dataset/legitimo/emails.csv,
1662,1,be798c41fd7751a3,dataset/phishing/phishing_2024.csv,23
1663,1,010549282f42fd25,dataset/phishing/phishing.csv,285
1664,0,brawner-s/deleted_items/1.,dataset/legitimo/emails.csv,
1665,1,f7354f4108ef3672,dataset/phishing/Nazario_5.csv,2094
1666,0,giron-d/inbox/57.,dataset/legitimo/emails.csv,
1667,1,2b990469ac6f6dc9,dataset/phishing/Nazario_5.csv,2851
1668,0,guzman-m/all_documents/1556.,dataset/legitimo/emails.csv,
1669,0,dasovich-j/all_documents/9890.,dataset/legitimo/emails.csv,
1670,1,10fb66f35fd8ee66,dataset/phishing/phishing_2024.csv,216
1671,1,9ba5122e18754cf9,dataset/phishing/phishing.csv,388
1672,0,shankman-j/all_documents/685.,dataset/legitimo/emails.csv,
1673,1,77e60a70eb217df7,dataset/phishing/phishing.csv,298
1674,0,kaminski-v/_sent_mail/823.,dataset/legitimo/emails.csv,
1675,0,wolfe-j/06_saved/50.,dataset/legitimo/emails.csv,
1676,0,baughman-d/all_documents/259.,dataset/legitimo/emails.csv,
1677,1,0f65610c72bd7c37,dataset/phishing/phishing.csv,164
1678,1,9d9ea07accd11bb3,dataset/phishing/phishing_2024.csv,43
1679,1,c0a1efcfbcdce529,dataset/phishing/phishing_2024.csv,236
1680,0,germany-c/_sent_mail/568.,dataset/legitimo/emails.csv,
1681,0,shackleton-s/all_documents/4473.,dataset/legitimo/emails.csv,
1682,1,01cef3233c9fc65c,dataset/phishing/phishing_2024.csv,136
1683,0,farmer-d/all_documents/3717.,dataset/legitimo/emails.csv,
1684,1,6e8d953288423e8f,dataset/phishing/Nazario_5.csv,2565
1685,1,c78a102672274728,dataset/phishing/phishing_2024.csv,61
1686,0,nemec-g/inbox/837.,dataset/legitimo/emails.csv,
1687,0,beck-s/deleted_items/113.,dataset/legitimo/emails.csv,
1688,1,7c9ca7d552d9dccb,dataset/phishing/phishing.csv,160
1689,0,cash-m/all_documents/331.,dataset/legitimo/emails.csv,
1690,0,dasovich-j/all_documents/13350.,dataset/legitimo/emails.csv,
1691,1,86bed0b602253ed9,dataset/phishing/phishing.csv,450
1692,1,824ca2ece30534e2,dataset/phishing/Nazario_5.csv,2306
1693,0,nemec-g/sent_items/553.,dataset/legitimo/emails.csv,
1694,1,3a5a5fe4b871bbba,dataset/phishing/phishing_2024.csv,256
1695,0,sanders-r/all_documents/472.,dataset/legitimo/emails.csv,
1696,1,b3483de196411225,dataset/phishing/phishing_2024.csv,34
1697,0,love-p/inbox/108.,dataset/legitimo/emails.csv,
1698,1,f5b618cc2d06292a,dataset/phishing/phishing.csv,207
1699,0,dasovich-j/all_documents/13469.,dataset/legitimo/emails.csv,
1700,0,symes-k/_sent_mail/125.,dataset/legitimo/emails.csv,
1701,1,93409d23b21a7a39,dataset/phishing/phishing_2024.csv,198
1702,1,12a60ba2832ef929,dataset/phishing/phishing.csv,157
1703,1,0e25c4fe7840ce1f,dataset/phishing/phishing_2024.csv,365
1704,0,guzman-m/all_documents/1884.,dataset/legitimo/emails.csv,
1705,1,b1efdac42749e5d9,dataset/phishing/Nazario_5.csv,2834
1706,1,2d75ae200ec98e5f,dataset/phishing/phishing.csv,218
1707,0,ruscitti-k/deleted_items/68.,dataset/legitimo/emails.csv,
1708,1,446987c4f68f09ea,dataset/phishing/Nazario_5.csv,1570
1709,1,e3ab9b7d455803ca,dataset/phishing/phishing.csv,320
1710,1,b60e1c71e656e166,dataset/phishing/phishing.csv,334
1711,0,mclaughlin-e/_sent_mail/180.,dataset/legitimo/emails.csv,
1712,1,432290f81730b22b,dataset/phishing/phishing.csv,448
1713,1,113c8a8464194f9e,dataset/phishing/phishing.csv,135
1714,0,mcconnell-m/_sent_mail/14.,dataset/legitimo/emails.csv,
1715,1,8cb0be8b9057eecc,dataset/phishing/phishing.csv,223
1716,0,kaminski-v/_sent_mail/2500.,dataset/legitimo/emails.csv,
1717,1,9448e7c770fd67e9,dataset/phishing/Nazario_5.csv,2264
1718,1,03d2b907fab6809f,dataset/phishing/phishing.csv,274
1719,0,farmer-d/deleted_items/199.,dataset/legitimo/emails.csv,
1720,0,mann-k/_sent_mail/58.,dataset/legitimo/emails.csv,
1721,0,jones-t/all_documents/3144.,dataset/legitimo/emails.csv,
1722,0,shackleton-s/all_documents/1085.,dataset/legitimo/emails.csv,
1723,0,haedicke-m/all_documents/405.,dataset/legitimo/emails.csv,
1724,0,jones-t/all_documents/5552.,dataset/legitimo/emails.csv,
1725,0,kean-s/all_documents/5523.,dataset/legitimo/emails.csv,
1726,0,guzman-m/_sent_mail/228.,dataset/legitimo/emails.csv,
1727,1,326148b630ae3e47,dataset/phishing/phishing.csv,432
1728,0,allen-p/deleted_items/350.,dataset/legitimo/emails.csv,
1729,1,5e6770d964aadc18,dataset/phishing/Nazario_5.csv,2789
1730,0,germany-c/deleted_items/175.,dataset/legitimo/emails.csv,
1731,1,efbc6b6cbabaf737,dataset/phishing/phishing.csv,243
1732,1,e0c5e557638b6f62,dataset/phishing/phishing_2024.csv,237
1733,1,52ba15d1c5a87a76,dataset/phishing/phishing.csv,1
1734,1,c48719edb8928bf0,dataset/phishing/phishing.csv,121
1735,1,de598d77473869e5,dataset/phishing/phishing_2024.csv,304
1736,0,guzman-m/_sent_mail/215.,dataset/legitimo/emails.csv,
1737,1,5ee7fdccf9c8396c,dataset/phishing/Nazario_5.csv,2060
1738,0,maggi-m/deleted_items/962.,dataset/legitimo/emails.csv,
1739,0,williams-w3/schedule_crawler/1236.,dataset/legitimo/emails.csv,
1740,0,kean-s/all_documents/1085.,dataset/legitimo/emails.csv,
1741,0,arnold-j/deleted_items/518.,dataset/legitimo/emails.csv,
1742,0,farmer-d/all_documents/2675.,dataset/legitimo/emails.csv,
1743,0,guzman-m/all_documents/1029.,dataset/legitimo/emails.csv,
1744,0,causholli-m/deleted_items/134.,dataset/legitimo/emails.csv,
1745,0,may-l/_sent_mail/29.,dataset/legitimo/emails.csv,
1746,1,6a2bdc7143d9f883,dataset/phishing/phishing_2024.csv,10
1747,0,kaminski-v/_sent_mail/4120.,dataset/legitimo/emails.csv,
1748,0,smith-m/_sent_mail/49.,dataset/legitimo/emails.csv,
1749,0,guzman-m/all_documents/200.,dataset/legitimo/emails.csv,
1750,0,mann-k/all_documents/5547.,dataset/legitimo/emails.csv,
1751,0,gang-l/sent_items/75.,dataset/legitimo/emails.csv,
1752,0,shackleton-s/deleted_items/19.,dataset/legitimo/emails.csv,
1753,0,perlingiere-d/all_documents/2073.,dataset/legitimo/emails.csv,
1754,0,rodrique-r/_sent_mail/381.,dataset/legitimo/emails.csv,
1755,1,7c432f016b75e860,dataset/phishing/phishing_2024.csv,261
1756,0,rogers-b/_sent_mail/637.,dataset/legitimo/emails.csv,
1757,0,kaminski-v/all_documents/10215.,dataset/legitimo/emails.csv,
1758,0,stclair-c/all_documents/465.,dataset/legitimo/emails.csv,
1759,0,kean-s/all_documents/2012.,dataset/legitimo/emails.csv,
1760,1,c22e43a4365c11df,dataset/phishing/phishing.csv,358
1761,1,284f03cec511072f,dataset/phishing/phishing_2024.csv,245
1762,0,kaminski-v/sent_items/1262.,dataset/legitimo/emails.csv,
1763,0,bass-e/all_documents/197.,dataset/legitimo/emails.csv,
1764,1,c71f4238ff32c3f5,dataset/phishing/phishing_2024.csv,316
1765,0,fossum-d/_sent_mail/888.,dataset/legitimo/emails.csv,
1766,0,beck-s/deleted_items/90.,dataset/legitimo/emails.csv,
1767,1,3a1e606ffed84fea,dataset/phishing/Nazario_5.csv,2255
1768,1,e6c5b44ba805b04c,dataset/phishing/phishing_2024.csv,221
1769,1,96c69c5c5308bfe3,dataset/phishing/phishing_2024.csv,228
1770,0,ermis-f/all_documents/229.,dataset/legitimo/emails.csv,
1771,0,bass-e/_sent_mail/1364.,dataset/legitimo/emails.csv,
1772,0,hayslett-r/all_documents/399.,dataset/legitimo/emails.csv,
1773,0,farmer-d/all_documents/1109.,dataset/legitimo/emails.csv,
1774,0,kaminski-v/_sent_mail/4024.,dataset/legitimo/emails.csv,
1775,0,shackleton-s/all_documents/2000.,dataset/legitimo/emails.csv,
1776,0,quenet-j/_sent_mail/66.,dataset/legitimo/emails.csv,
1777,0,guzman-m/_sent_mail/348.,dataset/legitimo/emails.csv,
1778,0,campbell-l/all_documents/320.,dataset/legitimo/emails.csv,
1779,0,zipper-a/all_documents/1.,dataset/legitimo/emails.csv,
1780,0,carson-m/inbox/15.,dataset/legitimo/emails.csv,
1781,0,tholt-j/_sent_mail/95.,dataset/legitimo/emails.csv,
1782,0,dasovich-j/all_documents/10358.,dataset/legitimo/emails.csv,
1783,0,mann-k/all_documents/916.,dataset/legitimo/emails.csv,
1784,0,lay-k/all_documents/981.,dataset/legitimo/emails.csv,
1785,1,1fee0ed339049fa9,dataset/phishing/Nazario_5.csv,2687
1786,1,62d105bde621b5a3,dataset/phishing/phishing_2024.csv,242
1787,0,williams-w3/sent_items/188.,dataset/legitimo/emails.csv,
1788,0,jones-t/all_documents/182.,dataset/legitimo/emails.csv,
1789,1,91034471fd1484fc,dataset/phishing/phishing_2024.csv,142
1790,1,c798db2b69ee4e67,dataset/phishing/phishing_2024.csv,282
1791,1,87f5498aa2a1759a,dataset/phishing/phishing_2024.csv,164
1792,0,cash-m/all_documents/340.,dataset/legitimo/emails.csv,
1793,0,keiser-k/sent_items/1.,dataset/legitimo/emails.csv,
1794,0,mcconnell-m/_sent_mail/120.,dataset/legitimo/emails.csv,
1795,0,taylor-m/all_documents/629.,dataset/legitimo/emails.csv,
1796,1,c06bb4aab0d67ee4,dataset/phishing/phishing_2024.csv,107
1797,0,delainey-d/_sent_mail/242.,dataset/legitimo/emails.csv,
1798,1,f6fa00f7c095c007,dataset/phishing/phishing_2024.csv,126
1799,0,ward-k/deleted_items/41.,dataset/legitimo/emails.csv,
1800,0,saibi-e/inbox/555.,dataset/legitimo/emails.csv,
1801,1,12b786ba8502be5b,dataset/phishing/phishing_2024.csv,360
1802,0,carson-m/deleted_items/261.,dataset/legitimo/emails.csv,
1803,0,kaminski-v/_sent_mail/762.,dataset/legitimo/emails.csv,
1804,1,ae15d486a2f6184d,dataset/phishing/phishing_2024.csv,57
1805,0,beck-s/all_documents/2104.,dataset/legitimo/emails.csv,
1806,1,2e93389035fd0a83,dataset/phishing/phishing.csv,100
1807,0,dasovich-j/sent_items/2108.,dataset/legitimo/emails.csv,
1808,1,6d687e11eef0aaa3,dataset/phishing/phishing_2024.csv,149
1809,0,rogers-b/_sent_mail/604.,dataset/legitimo/emails.csv,
1810,1,3710588b1b334a3a,dataset/phishing/phishing_2024.csv,354
1811,1,b86d640d74a978c6,dataset/phishing/Nazario_5.csv,1880
1812,0,kaminski-v/_sent_mail/1166.,dataset/legitimo/emails.csv,
1813,0,thomas-p/deleted_items/408.,dataset/legitimo/emails.csv,
1814,0,sager-e/all_documents/1853.,dataset/legitimo/emails.csv,
1815,1,10a852fe3522ee81,dataset/phishing/Nazario_5.csv,2420
1816,0,fossum-d/_sent_mail/226.,dataset/legitimo/emails.csv,
1817,0,rogers-b/deleted_items/221.,dataset/legitimo/emails.csv,
1818,1,f7588c3fd6a4fbea,dataset/phishing/phishing.csv,228
1819,1,a6bba519b0d386e2,dataset/phishing/phishing.csv,440
1820,1,ca679715af6195fb,dataset/phishing/Nazario_5.csv,2718
1821,1,1d76fe629bac44aa,dataset/phishing/Nazario_5.csv,1680
1822,1,5ccca13e67ad0b08,dataset/phishing/phishing.csv,445
1823,1,79c3a3be023c66bf,dataset/phishing/phishing_2024.csv,382
1824,0,dasovich-j/all_documents/3626.,dataset/legitimo/emails.csv,
1825,0,bass-e/_sent_mail/1147.,dataset/legitimo/emails.csv,
1826,0,shackleton-s/all_documents/655.,dataset/legitimo/emails.csv,
1827,0,mann-k/_sent_mail/1063.,dataset/legitimo/emails.csv,
1828,1,f4fbc09df5c42549,dataset/phishing/phishing_2024.csv,238
1829,0,kean-s/sent_items/100.,dataset/legitimo/emails.csv,
1830,1,10a0085f591cab2e,dataset/phishing/phishing_2024.csv,203
1831,0,mcconnell-m/_sent_mail/429.,dataset/legitimo/emails.csv,
1832,1,d5e61eb9b32a8bf2,dataset/phishing/Nazario_5.csv,2061
1833,0,kaminski-v/all_documents/9931.,dataset/legitimo/emails.csv,
1834,1,67230ad62a9a7e89,dataset/phishing/phishing_2024.csv,334
1835,1,8b018219473d6530,dataset/phishing/phishing_2024.csv,284
1836,1,4792fd09f43bc22a,dataset/phishing/phishing.csv,103
1837,1,48679c5bd4a8918c,dataset/phishing/Nazario_5.csv,2087
1838,0,linder-e/all_documents/174.,dataset/legitimo/emails.csv,
1839,0,farmer-d/all_documents/3923.,dataset/legitimo/emails.csv,
1840,1,eabdb7933ed8095d,dataset/phishing/phishing.csv,455
1841,1,66f8b71ea9b0c0c7,dataset/phishing/phishing_2024.csv,76
1842,0,beck-s/_sent_mail/111.,dataset/legitimo/emails.csv,
1843,0,geaccone-t/inbox/599.,dataset/legitimo/emails.csv,
1844,1,ee3494907846f70f,dataset/phishing/Nazario_5.csv,1708
1845,1,e4822dfaecf79223,dataset/phishing/phishing_2024.csv,395
1846,1,0d22fe852035af64,dataset/phishing/phishing.csv,221
1847,1,90a0be56fe04bc24,dataset/phishing/phishing.csv,148
1848,0,shackleton-s/all_documents/3212.,dataset/legitimo/emails.csv,
1849,1,c503ec836cd1db29,dataset/phishing/phishing.csv,42
1850,0,mann-k/_sent_mail/4048.,dataset/legitimo/emails.csv,
1851,1,6120f3fc5c94e928,dataset/phishing/phishing.csv,255
1852,0,lenhart-m/all_documents/282.,dataset/legitimo/emails.csv,
1853,0,jones-t/all_documents/11203.,dataset/legitimo/emails.csv,
1854,1,b75b587c1b9334c5,dataset/phishing/phishing.csv,425
1855,1,a6e95fa1101b8024,dataset/phishing/phishing.csv,329
1856,1,ede5b4449d4142cd,dataset/phishing/phishing.csv,467
1857,0,kean-s/all_documents/4790.,dataset/legitimo/emails.csv,
1858,1,e9497260166f2ee6,dataset/phishing/phishing.csv,439
1859,1,cc43ea8ae40af581,dataset/phishing/phishing_2024.csv,181
1860,0,lokay-m/tw_commercial_group/1775.,dataset/legitimo/emails.csv,
1861,0,arnold-j/_sent_mail/115.,dataset/legitimo/emails.csv,
1862,0,scott-s/sent_items/209.,dataset/legitimo/emails.csv,
1863,0,baughman-d/all_documents/242.,dataset/legitimo/emails.csv,
1864,1,515d880be1f31f51,dataset/phishing/phishing_2024.csv,244
1865,0,perlingiere-d/all_documents/997.,dataset/legitimo/emails.csv,
1866,0,farmer-d/all_documents/36.,dataset/legitimo/emails.csv,
1867,1,0c38b46a4ac44d2f,dataset/phishing/phishing_2024.csv,103
1868,0,quigley-d/_exchange_info/66.,dataset/legitimo/emails.csv,
1869,1,26e7c8fb8d911d85,dataset/phishing/phishing.csv,68
1870,0,hyatt-k/deleted_items/469.,dataset/legitimo/emails.csv,
1871,1,cdad2a65aa238c9c,dataset/phishing/phishing.csv,14
1872,0,kean-s/all_documents/669.,dataset/legitimo/emails.csv,
1873,0,lokay-m/all_documents/1910.,dataset/legitimo/emails.csv,
1874,1,ffbb1debe1b946db,dataset/phishing/phishing_2024.csv,65
1875,1,e2478e4633ad5b7c,dataset/phishing/phishing.csv,426
1876,1,d68a896fd8ec40b7,dataset/phishing/phishing.csv,208
1877,1,abcccc570b2a60e6,dataset/phishing/phishing_2024.csv,379
1878,1,5584541f5b938f83,dataset/phishing/phishing.csv,239
1879,1,c32eefbbd0970ee1,dataset/phishing/Nazario_5.csv,2317
1880,0,kaminski-v/all_documents/3602.,dataset/legitimo/emails.csv,
1881,1,490471fae569a1b2,dataset/phishing/Nazario_5.csv,2889
1882,1,1b4b92fde9d72c1f,dataset/phishing/phishing.csv,380
1883,0,skilling-j/inbox/145.,dataset/legitimo/emails.csv,
1884,1,a6bd26bb69d410f7,dataset/phishing/phishing_2024.csv,328
1885,0,taylor-m/all_documents/1514.,dataset/legitimo/emails.csv,
1886,1,1277874d3d4a9763,dataset/phishing/phishing.csv,336
1887,0,maggi-m/deleted_items/17.,dataset/legitimo/emails.csv,
1888,0,kaminski-v/all_documents/2854.,dataset/legitimo/emails.csv,
1889,0,mann-k/_sent_mail/2310.,dataset/legitimo/emails.csv,
1890,0,mclaughlin-e/inbox/171.,dataset/legitimo/emails.csv,
1891,0,griffith-j/deleted_items/208.,dataset/legitimo/emails.csv,
1892,1,71689e5e93a3aec6,dataset/phishing/phishing_2024.csv,26
1893,0,hodge-j/all_documents/223.,dataset/legitimo/emails.csv,
1894,1,9b75a48b1d481c7e,dataset/phishing/Nazario_5.csv,1994
1895,0,shapiro-r/all_documents/238.,dataset/legitimo/emails.csv,
1896,1,0ce964ca05ff7e11,dataset/phishing/phishing.csv,305
1897,1,e2f37ffba780bdec,dataset/phishing/Nazario_5.csv,2323
1898,1,c8bcd95bcb4d1363,dataset/phishing/phishing.csv,222
1899,1,8cee5ba55f6744ff,dataset/phishing/phishing.csv,176
1900,0,beck-s/_sent_mail/630.,dataset/legitimo/emails.csv,
1901,1,2b723c7921017f95,dataset/phishing/phishing_2024.csv,338
1902,1,91039560b1187e31,dataset/phishing/phishing.csv,449
1903,1,44489287fdab4180,dataset/phishing/phishing_2024.csv,308
1904,0,whalley-g/inbox/475.,dataset/legitimo/emails.csv,
1905,0,stokley-c/chris_stokley/projects/ees_/info/1.,dataset/legitimo/emails.csv,
1906,0,neal-s/inbox/225.,dataset/legitimo/emails.csv,
1907,0,germany-c/sent_items/890.,dataset/legitimo/emails.csv,
1908,1,3722514b9c62b6ae,dataset/phishing/phishing_2024.csv,151
1909,0,lavorato-j/all_documents/224.,dataset/legitimo/emails.csv,
1910,0,beck-s/_sent_mail/873.,dataset/legitimo/emails.csv,
1911,0,mann-k/_sent_mail/2303.,dataset/legitimo/emails.csv,
1912,0,jones-t/deleted_items/8.,dataset/legitimo/emails.csv,
1913,0,love-p/_sent_mail/834.,dataset/legitimo/emails.csv,
1914,0,taylor-m/all_documents/2211.,dataset/legitimo/emails.csv,
1915,0,pereira-s/deleted_items/126.,dataset/legitimo/emails.csv,
1916,1,9dbd71bd665b1eaf,dataset/phishing/phishing.csv,227
1917,1,3554d9977a2e3e12,dataset/phishing/phishing.csv,36
1918,1,7b01fb836038ad1f,dataset/phishing/phishing_2024.csv,391
1919,1,8ab547f561bdf377,dataset/phishing/phishing_2024.csv,82
1920,0,shackleton-s/all_documents/2311.,dataset/legitimo/emails.csv,
1921,0,buy-r/inbox/492.,dataset/legitimo/emails.csv,
1922,0,taylor-m/all_documents/7383.,dataset/legitimo/emails.csv,
1923,0,jones-t/all_documents/731.,dataset/legitimo/emails.csv,
1924,1,e7ba226b262f0977,dataset/phishing/phishing.csv,96
1925,0,shackleton-s/all_documents/1827.,dataset/legitimo/emails.csv,
1926,1,950e5101d22b613d,dataset/phishing/Nazario_5.csv,2046
1927,1,6a3b1725cfa1afbd,dataset/phishing/phishing_2024.csv,150
1928,0,love-p/deleted_items/265.,dataset/legitimo/emails.csv,
1929,1,eb1774a553e81f76,dataset/phishing/phishing_2024.csv,392
1930,1,0a4877296ab6653c,dataset/phishing/phishing.csv,266
1931,1,d86b6f1307423dd7,dataset/phishing/phishing.csv,13
1932,1,0faea13571fe9b3a,dataset/phishing/phishing.csv,356
1933,1,3ceb7fff0a2f6f49,dataset/phishing/phishing_2024.csv,189
1934,1,29d2d44e4c05e117,dataset/phishing/phishing.csv,435
1935,0,kaminski-v/_sent_mail/804.,dataset/legitimo/emails.csv,
1936,1,3574547f4df59530,dataset/phishing/phishing.csv,182
1937,1,3d56bfb348f011c1,dataset/phishing/Nazario_5.csv,1568
1938,1,aec7f6b6ab4c8288,dataset/phishing/phishing.csv,21
1939,1,a632f263a7b91367,dataset/phishing/phishing_2024.csv,243
1940,0,donohoe-t/inbox/15.,dataset/legitimo/emails.csv,
1941,0,taylor-m/all_documents/221.,dataset/legitimo/emails.csv,
1942,0,germany-c/inbox/76.,dataset/legitimo/emails.csv,
1943,0,dasovich-j/inbox/1644.,dataset/legitimo/emails.csv,
1944,1,6f73be2355f54f5f,dataset/phishing/Nazario_5.csv,1843
1945,0,mclaughlin-e/_sent_mail/22.,dataset/legitimo/emails.csv,
1946,0,kaminski-v/_sent_mail/4287.,dataset/legitimo/emails.csv,
1947,0,dasovich-j/all_documents/4148.,dataset/legitimo/emails.csv,
1948,1,e531981a4ad07679,dataset/phishing/phishing_2024.csv,148
1949,0,taylor-m/all_documents/878.,dataset/legitimo/emails.csv,
1950,1,975bd537b2dea040,dataset/phishing/phishing_2024.csv,287
1951,1,7b9dfcdc1e142c31,dataset/phishing/Nazario_5.csv,2719
1952,1,f14242de38c0da70,dataset/phishing/phishing.csv,210
1953,0,shapiro-r/venezuela_colombia/19.,dataset/legitimo/emails.csv,
1954,1,b1e389341d5056e2,dataset/phishing/Nazario_5.csv,2524
1955,1,df76572c06383ec9,dataset/phishing/phishing_2024.csv,305
1956,0,giron-d/_sent_mail/492.,dataset/legitimo/emails.csv,
1957,0,tycholiz-b/inbox/165.,dataset/legitimo/emails.csv,
1958,1,9fc5f0c2e20c3f2a,dataset/phishing/phishing_2024.csv,85
1959,0,jones-t/all_documents/12596.,dataset/legitimo/emails.csv,
1960,1,918ead4ddc5297ac,dataset/phishing/phishing_2024.csv,45
1961,0,baughman-d/all_documents/173.,dataset/legitimo/emails.csv,
1962,1,f3d9f16b4fb93c26,dataset/phishing/Nazario_5.csv,1554
1963,1,c7c19d484cdc44e2,dataset/phishing/phishing_2024.csv,359
1964,1,7c834f4429f12264,dataset/phishing/phishing.csv,284
1965,1,d2b2b3068a608172,dataset/phishing/phishing.csv,22
1966,0,kuykendall-t/deleted_items/89.,dataset/legitimo/emails.csv,
1967,1,21dce604ff726d38,dataset/phishing/phishing_2024.csv,30
1968,0,mann-k/_sent_mail/4207.,dataset/legitimo/emails.csv,
1969,1,41bf555826f206a8,dataset/phishing/phishing.csv,316
1970,1,829c9904fb8558ca,dataset/phishing/Nazario_5.csv,2674
1971,0,jones-t/all_documents/2550.,dataset/legitimo/emails.csv,
1972,1,b5e42ae678c55605,dataset/phishing/phishing.csv,433
1973,1,908696a2792d3699,dataset/phishing/Nazario_5.csv,1845
1974,0,zipper-a/tradecounts/28.,dataset/legitimo/emails.csv,
1975,0,shackleton-s/all_documents/2819.,dataset/legitimo/emails.csv,
1976,1,20da9ec67d26622d,dataset/phishing/phishing.csv,386
1977,1,2da3b6c89764858e,dataset/phishing/phishing_2024.csv,385
1978,0,griffith-j/all_documents/597.,dataset/legitimo/emails.csv,
1979,0,blair-l/sent_items/634.,dataset/legitimo/emails.csv,
1980,1,f38473ac88fded66,dataset/phishing/phishing.csv,144
1981,0,kean-s/all_documents/2066.,dataset/legitimo/emails.csv,
1982,1,e7dd6c11b212b4a1,dataset/phishing/Nazario_5.csv,3001
1983,0,mann-k/deleted_items/5.,dataset/legitimo/emails.csv,
1984,0,kaminski-v/_sent_mail/1929.,dataset/legitimo/emails.csv,
1985,1,76d6d7d9e24311f7,dataset/phishing/phishing.csv,92
1986,0,germany-c/_sent_mail/42.,dataset/legitimo/emails.csv,
1987,1,9f266b6c6b28f10e,dataset/phishing/phishing.csv,372
1988,0,rogers-b/all_documents/350.,dataset/legitimo/emails.csv,
1989,1,2b7ec759ce4025b9,dataset/phishing/phishing_2024.csv,37
1990,1,b1e9547baf448210,dataset/phishing/phishing.csv,134
1991,0,beck-s/_sent_mail/748.,dataset/legitimo/emails.csv,
1992,0,jones-t/all_documents/9391.,dataset/legitimo/emails.csv,
1993,0,beck-s/deleted_items/147.,dataset/legitimo/emails.csv,
1994,0,dasovich-j/sent_items/96.,dataset/legitimo/emails.csv,
1995,0,mann-k/_sent_mail/3636.,dataset/legitimo/emails.csv,
1996,0,kaminski-v/all_documents/4934.,dataset/legitimo/emails.csv,
1997,1,1d0869e80e2d32c5,dataset/phishing/Nazario_5.csv,1746
1998,0,germany-c/_sent_mail/912.,dataset/legitimo/emails.csv,
1999,0,sager-e/all_documents/413.,dataset/legitimo/emails.csv,
